Name,Type,ShortDescription,LongDescription,Restart,Project,Version,Category,Application,Comment,Status
ATF_DRAWINGSEED_DGNLIBLIST,File Name,DGNLIB location,DGNLIB(s) storing architectural drawing seeds,TRUE,FALSE,V8i,Architectural,AECOsim Building Designer - Architectural,,
ATF_NOSPLASH,Keyword        ,Startup States                 ,"Controls various items at startup. The value of this variable is a sum of the desired effects: 0=no effect, 1=do not display AECOsim Building Designer splash screen, 2=do not modify MicroStation title bar, 4=do not suppress BuildingDesigner tool palettes(at startup only). (ATF_NOSPLASH)",FALSE,TRUE,XM,Architectural,AECOsim Building Designer - Architectural,,
ATFBEAMSFAMILY,None,Beams Family Name,Families from Beams gets added to Primary Family list. Multiple name can be specified.,FALSE,FALSE,XM,Architectural,AECOsim Building Designer - Architectural,,
ATFCABINETSDEFAULTPART,None,,,FALSE,FALSE,XM,Architectural,AECOsim Building Designer - Architectural,,
ATFCABINETSFAMILY,None,,,FALSE,FALSE,XM,Architectural,AECOsim Building Designer - Architectural,,
ATFCASEWORKDEFAULTPART,None,,,FALSE,FALSE,XM,Architectural,AECOsim Building Designer - Architectural,,
ATFCASEWORKFAMILY,None,Casework Family Name,Specifies Name of Casework Family,FALSE,FALSE,XM,Architectural,AECOsim Building Designer - Architectural,,
ATFCEILINGSDEFAULTPART,None,,,FALSE,FALSE,XM,Architectural,AECOsim Building Designer - Architectural,,
ATFCEILINGSFAMILY,None,Ceilings Family Name,Specifies Name of Ceiling Family,FALSE,FALSE,XM,Architectural,AECOsim Building Designer - Architectural,,
ATFCOLUMNSFAMILY,None,Columns Family Name,Specifies Name of Column Family,FALSE,FALSE,XM,Architectural,AECOsim Building Designer - Architectural,,
ATFCWALLSDEFAULTPART,None,,,FALSE,FALSE,XM,Architectural,AECOsim Building Designer - Architectural,,
ATFCWALLSFAMILY,None,Cwalls Family Name,Specifies Name ofWall Assembly,FALSE,FALSE,XM,Architectural,AECOsim Building Designer - Architectural,,
ATFDEBUG_BREAK_IN_MAIN,,,Immediately call mdlSystem_enterDebug upon startup of Architectural Building Designer.,FALSE,FALSE,XM,Architectural,AECOsim Building Designer - Architectural,,
ATFDIR_ARCHROLES,Filename       ,Arch. Roles File Location      ,Location of the Architectural Roles File  which maps Part Families to Architectural Object types.,FALSE,TRUE,XM,Architectural,AECOsim Building Designer - Architectural,,
ATFDIR_CASEBASE,Filename       ,Frame Files for Base Cabinets  ,Location of base cabinet frame files.  By default this variable is based on ATFDIR_CASEWORK  which is based on ATFDIR_FRAME. (ATFDIR_CASEBASE),FALSE,TRUE,XM,Architectural,Bentley Architecture,,
ATFDIR_CASETALL,,Frame Files for Tall Cabinets  ,Location of tall cabinet frame files.  By default this variable is based on ATFDIR_CASEWORK  which is based on ATFDIR_FRAME. (ATFDIR_CASETALL),FALSE,TRUE,XM,Architectural,Bentley Architecture,,
ATFDIR_CASEWALL,Search Path    ,Frame Files for Wall Cabinets  ,Location of wall cabinet frame files.  By default this variable is based on ATFDIR_CASEWORK  which is based on ATFDIR_FRAME. (ATFDIR_CASEWALL),FALSE,TRUE,XM,Architectural,Bentley Architecture,,
ATFDIR_CASEWORK,Search Path    ,Frame Files for Casework       ,Root location of all folders containing casework frame files.  By default this variable is based on ATFDIR_FRAME,FALSE,TRUE,XM,Architectural,AECOsim Building Designer - Architectural,,
ATFDIR_CELL,Search Path    ,Cell Libraries                 ,Location of cell libraries specific to Architectural Building Designer.,FALSE,TRUE,XM,Architectural,AECOsim Building Designer - Architectural,,
ATFDIR_COLUMNDATA,Directory      ,Tool-specific Data: Columns    ,Location of colmnszs.rsc  which contains the user-defined lists of sizes and profiles used by the Column tools.,FALSE,TRUE,XM,Architectural,AECOsim Building Designer - Architectural,,
ATFDIR_DATA,Directory      ,Data                           ,Location of various data files used specifically by  Architectural Building Designer tools.  For example  the Column tools rely on various structural profile files (*.stf).,FALSE,TRUE,XM,Architectural,AECOsim Building Designer - Architectural,,
ATFDIR_DOOR,Search Path    ,Frame Files for Doors          ,Location of door frame files.  By default this variable is based on ATFDIR_FRAME. ,FALSE,TRUE,XM,Architectural,AECOsim Building Designer - Architectural,,
ATFDIR_FRAME,Search Path    ,Frame Files                    ,Root location of all folders containing frame files used by the Door  Window  and Casework commands.,FALSE,TRUE,XM,Architectural,AECOsim Building Designer - Architectural,,
ATFDIR_FRAMEDATA,Directory      ,Tool-specific Data: Frames     ,Location of frmsizes.rsc  which contains the user-defined lists of sizes used by various items in the Door and Window tools. ,FALSE,TRUE,XM,Architectural,AECOsim Building Designer - Architectural,,
ATFDIR_MACROS,Directory,,"Location of Basic macros used by Architectural Building Designer.  Note: Use extreme care when changing this variable, as invalid values could cause many tools to stop functioning!",FALSE,FALSE,XM,Architectural,AECOsim Building Designer - Architectural,,
ATFDIR_MDLAPPS,Directory,,"Location of applications necessary to run Architectural Building Designer.  Note: Use extreme care when changing this variable, as invalid values could cause many tools to stop functioning!",FALSE,FALSE,XM,Architectural,AECOsim Building Designer - Architectural,,
ATFDIR_MDLIMAGE,Directory,,Location of the image files used in the tool settings of many Architectural Building Designer tools.,FALSE,FALSE,XM,Architectural,AECOsim Building Designer - Architectural,,
ATFDIR_SETTING,Directory      ,Settings                       ,Location of various settings files used specifically by Architectural Building Designer tools.  For example  the Door tools rely on various frame settings files (*.xml). ,FALSE,TRUE,XM,Architectural,AECOsim Building Designer - Architectural,,
ATFDIR_SHELVING,Directory      ,Frame Files for Shelving       ,Location of shelving frame files.  By default this variable is based on ATFDIR_FRAME. ,FALSE,TRUE,XM,Architectural,AECOsim Building Designer - Architectural,,
ATFDIR_SITEDATA,Directory      ,,Location of Site Data files.  By default this variable is based on ATFDIR_Data.,FALSE,FALSE,XM,Architectural,AECOsim Building Designer - Architectural,,
ATFDIR_SPACEDATA,Directory      ,Tool-specific Data: Spaces     ,Location of rooms_i.rsc  which contains the user-defined library of spaces for use in the Space tools. ,FALSE,TRUE,XM,Architectural,AECOsim Building Designer - Architectural,,
ATFDIR_WALLDATA,Directory      ,Tool-specific Data: Walls      ,Location of wallszs.rsc  which contains the user-defined lists of sizes and profiles used by the Wall tools. ,FALSE,TRUE,XM,Architectural,AECOsim Building Designer - Architectural,,
ATFDIR_WINDOW,Search Path    ,Frame Files for Windows        ,Location of window frame files.  By default this variable is based on ATFDIR_FRAME. ,FALSE,TRUE,XM,Architectural,AECOsim Building Designer - Architectural,,
ATFDIR_XLS,Directory      ,Excel Seed Files               ,Location of Microsoft Excel seed files  used when Quantify and/or Scheduling report is in Excel format. ,FALSE,TRUE,XM,Architectural,AECOsim Building Designer - Architectural,,
ATFDOORSDEFAULTPART,None,Default Doors Part Name,Specifies Default Door Part Name to pre-defined Bentley Building Designer roles,FALSE,FALSE,XM,Architectural,AECOsim Building Designer - Architectural,,
ATFDOORSFAMILY,None,Default Doors Family Name,Specifies Name of Door Family,FALSE,FALSE,XM,Architectural,AECOsim Building Designer - Architectural,,
ATFENV_3DSETUP,Directory      ,3D Environment Setup Utility   ,Run automated utility that controls various settings to facilitate working in 3D  including: Create a base ACS whose name is defined by the config ATFACS_SEEDNAME  toggle on Accudraw 'Sticky Z'  lock Accudraw Z  and toggle on ACS plane and plane snap lock,FALSE,TRUE,XM,Architectural,AECOsim Building Designer - Architectural,,
ATFFINISHFAMILY,None,Default Finish Family Name,Specifies Name of Finish Wall Family,FALSE,FALSE,XM,Architectural,AECOsim Building Designer - Architectural,,
ATFFLOORSDEFAULTPART,None,Default Floors Part Name,Specifies Name of Floor Family,FALSE,FALSE,XM,Architectural,AECOsim Building Designer - Architectural,,
ATFFLOORSFAMILY,None,Default Floors Family Name,Specifies Name of Floor Family,FALSE,FALSE,XM,Architectural,AECOsim Building Designer - Architectural,,
ATFPLUMBINGLIBRARY,Filename       ,Default Plumbing Libray Name,Specifies Plumbing Library File Name,FALSE,FALSE,XM,Architectural,AECOsim Building Designer - Architectural,,
ATFSCHMCASEWORKFAMILY,None,Default Schematic Casework Family Name,Specifies Name of Schematic Casework Family,FALSE,FALSE,XM,Architectural,AECOsim Building Designer - Architectural,,
ATFSHELVINGLIBRARY,Filename       ,Default Shelving Library Name,Specifies Shelving Library File Name,FALSE,FALSE,XM,Architectural,AECOsim Building Designer - Architectural,,
ATFSPACESDEFAULTPART,None,Default Spaces Part Name,Specifies Default Space Part Name to pre-defined Bentley Building Designer roles,FALSE,FALSE,XM,Architectural,AECOsim Building Designer - Architectural,,
ATFSPACESFAMILY,None,Default Space Family Name,Specifies Name of Space Family,FALSE,FALSE,XM,Architectural,AECOsim Building Designer - Architectural,,
ATFSTAIRSDEFAULTPART,None,Default Stairs Part Name,Specifies Default Stair Part Name to pre-defined Bentley Building Designer roles,FALSE,FALSE,XM,Architectural,AECOsim Building Designer - Architectural,,
ATFSTAIRSFAMILY,None,Default Stairs Family Name,Specifies Name of Stair Family,FALSE,FALSE,XM,Architectural,AECOsim Building Designer - Architectural,,
ATFWALLSDEFAULTPART,None,Default Walls Part Name,,FALSE,FALSE,XM,Architectural,AECOsim Building Designer - Architectural,,
ATFWALLSFAMILY,None,Default Walls Family Name,Specifies Name of Wall Family,FALSE,FALSE,XM,Architectural,AECOsim Building Designer - Architectural,,
ATFWINDOWSDEFAULTPART,None,Default Windows Part Name,Specifies Default Window Part Name to pre-defined Bentley Building Designer roles,FALSE,FALSE,XM,Architectural,AECOsim Building Designer - Architectural,,
ATFWINDOWSFAMILY,None,Default Windows Family Name,Specifies Name of Window Family,FALSE,FALSE,XM,Architectural,AECOsim Building Designer - Architectural,,
BB_ANNOTATE_IN3DDGN,,,,FALSE,FALSE,XM,Architectural,AECOsim Building Designer - Architectural,,
BB_HANDRAIL_CELLLIST,Filename       ,,Specifies default cell library that contains cells for Handrail.,TRUE,TRUE,V8i,Architectural,AECOsim Building Designer - Architectural,,
BB_HANDRAILPROFILE_CELLLIST,Filename       ,,Specifies default cell library that contains cells for Handrail Profile,TRUE,TRUE,V8i,Architectural,AECOsim Building Designer - Architectural,,
BB_HUDACCURACYUSEACTIVE,,,"If BB_HUDACCURACYUSEACTIVE is defined, then HUD accuracy is defined by the working units, if undefined, HUD accuracy is defined by dimension style",TRUE,TRUE,V8i,Architectural,AECOsim Building Designer - Architectural,,
MS_ARCHIVE,Search Path    ,Archive Search Path            ,Search path(s) for Archive Files. (MS_ARCHIVE),FALSE,TRUE,XM,Archive,Microstation,,
MS_ARCHIVECLASS,Search Path    ,Archive Class Search Path      ,Search path(s) for Archive Class Files. (MS_ARCHIVECLASS),FALSE,TRUE,XM,Archive,Microstation,,
MS_KEYPAIRLIST,Filename       ,KeyPair File List              ,Digital Signature KeyPair file list. (MS_KEYPAIRLIST),FALSE,TRUE,XM,Archive,Microstation,,
MS_CELL,,Cell Library Directories       ,Search path(s) for cell libraries.  (MS_CELL),FALSE,TRUE,XM,Cell,Microstation,,
MS_CELLLIST,Search Path    ,Cell Library List              ,List of cell library files to be searched for cells if not found in the current library.  May contain wildcards.  (MS_CELLLIST),FALSE,TRUE,XM,Cell,Microstation,,
MS_CELLOUT,Filename       ,Output Cell Libraries          ,Default directory when creating new cell libraries. (MS_CELLOUT),FALSE,TRUE,XM,Cell,Microstation,,
MS_CELLSELECTOR,Filelist       ,Cell Selector File             ,Default Cell Selector button configuration file. (MS_CELLSELECTOR),FALSE,TRUE,XM,Cell,Microstation,,
MS_CELLSELECTORDIR,Directory      ,Cell Selector Directory        ,Directory for Cell Selector button configuration (.csf) files. (MS_CELLSELECTORDIR),FALSE,TRUE,XM,Cell,Microstation,,
MS_MENU,Search Path    ,Menu Cells                     ,Cell library name for finding menu cells.  (MS_MENU),FALSE,FALSE,XM,Cell,Microstation,,
MS_RESOLVESCNAMECONFLICTS,Filename       ,Shared Cell Name Conflicts     ,controls how shared cell name conflicts are handled for operations like reference merge. If set to 0  there is no resolution. If set to 1  the default  MicroStation resolves the name conflicts on DWG shared cell instances; if set to 2  MicroStation resolv,FALSE,FALSE,XM,Cell,Microstation,,
MS_CGMIN,Directory      ,CGM Input Directory.           ,Input directory for CGM translations.  (MS_CGMIN),FALSE,TRUE,XM,CGM-Translation,Microstation,,
MS_CGMINSET,,CGMIN Settings File.           ,Settings file for the CGMIN application.  (MS_CGMINSET),FALSE,TRUE,XM,CGM-Translation,Microstation,,
MS_CGMLOG,Directory      ,CGM Log Files.                 ,Output directory for CGM log files.  (MS_CGMLOG),FALSE,TRUE,XM,CGM-Translation,Microstation,,
MS_CGMOUT,Filename       ,CGM Output Directory.          ,Output directory for CGM translations.  (MS_CGMOUT),FALSE,TRUE,XM,CGM-Translation,Microstation,,
MS_CGMOUTSET,Directory      ,CGMOUT Settings File.          ,Settings file for the CGMOUT application.  (MS_CGMOUTSET),FALSE,TRUE,XM,CGM-Translation,Microstation,,
MS_CGMTABLES,Directory      ,CGM Configuration Tables       ,Directory containing the CGM translation tables.  (MS_CGMTABLES),FALSE,TRUE,XM,CGM-Translation,Microstation,,
CIVIL_CIVILCELLS_DGNLIB_FILE,,,1. This variable defines both the directory and specific file name of the Civil Cells DGN Library. Example: CIVIL_CIVILCELLS_DGNLIB_FILE = c:\workspace\dgnlibs\civilcells.dgnlib 2. This variable should allow the use of wildcards. Example: CIVIL_CIVILCELLS_DGNLIB_FILE = c:\workspace\dgnlibs\*.dgnlib 3. If this variable is NOT set or the dgnlib file is not found then the process should just work as it does today (i.e. just look inside each dgnlib and list any that contain civil cells). 4. If this variable IS set and the file is found then this file should be used to list the civil cells and for nothing further. In other words if this file contains other civil items (such as feature definitions or project settings or filters) they should be ignored.,FALSE,FALSE,V8i,Civil,Civil,,
CIVIL_CIVILSETTINGS_READONLY,,,"If set to a value of 1, all standards, preferences or features that come from a DGN Library are persisted as read-only in the active file.",FALSE,FALSE,V8i,Civil,Civil,,
CIVIL_CIVILTMDGNLIBLIST,,,"See CIVIL_CIVILCELLDGNLIBLIST for more details.""",FALSE,FALSE,V8i,Civil,Civil,,
CIVIL_CONTENTMANAGEMENTDGNLIBLIST,,,"""This variable defines both the directory and specific file name of the feature definitions DGN Library.",FALSE,FALSE,V8i,Civil,Civil,,
CIVIL_DEFAULT_CURVE_STROKING,,,"Defines how often to compute a point or template drop interval location along a curve segment with extra points being computed based on the chord offset from the horizontal curve. The value defines the chord height used to calculate the extra points. If not set, the value defaults to 0.01. This is used in Corridor Modeling when Horizontal Curve Densification is applied.",FALSE,FALSE,V8i,Civil,Civil,,
CIVIL_DEFAULT_LINEAR_STROKING,,,"Defines how often to compute a point or template drop interval location on a tangent segment.This variable is not used by Corridor Modeling. If not set, the value defaults to 10. This is used when generating 3d elements and the apply Template command.",FALSE,FALSE,V8i,Civil,Civil,,
CIVIL_DEFAULT_PROFILE_STROKING,,,"Defines how often to compute a point or template drop interval location along a profile, with extra points being computed based on a chord offset from the profile. The value defines the chord height used to calculate the extra points. If not set, the value defaults to 0.1. This is used in Corridor Modeling when Vertical Curve Densification is applied.",FALSE,FALSE,V8i,Civil,Civil,,
CIVIL_DEFAULT_STATION_LOCK,,,"If set to 'true' then stations for various commands are calculated and kept at even numbers. For example, template drops would always fall on even stations in the event of an equation that could cause it to do otherwise. If not set or set to 'false', then the station values will be maintained at the specified increments.",FALSE,FALSE,V8i,Civil,Civil,,
CIVIL_DEFAULTSETTINGS,Boolean        ,,Used to locate the Folder holding the XML file that include the Civil Accudraw defaults.,FALSE,FALSE,XM,Civil,Civil,,
CIVIL_DESIGNSTANDARDSDGNLIBLIST,,,"See CIVIL_CIVILCELLDGNLIBLIST for more details.""",FALSE,FALSE,V8i,Civil,Civil,,
CIVIL_DISALLOW_LOCKCHANGES,,,"If set to a value of 1, it disallows any lock changes to existing rules. In other words, it prevents a locked rule from being unlocked or an unlocked rule from being locked.",FALSE,FALSE,V8i,Civil,Civil,,
CIVIL_DISALLOW_REFERENCEDELETIONS,,,"If set to a value of 1, it does not allow an element to be deleted if that element is referenced by another. Does not work across reference files.",FALSE,FALSE,V8i,Civil,Civil,,
CIVIL_DLLS_VERSION,Keyword        ,,,FALSE,FALSE,XM,Civil,Civil,,
CIVIL_PRODUCT_ACTIVE,,,"MicroStation Configuration Variable that specifies which Civil software (InRoads or GEOPAK) will interact with the Civil Geometry tools. Installation of InRoads automatically sets this variable equal to InRoads. To have GEOPAK interact with the Civil Geometry tools, overwrite the InRoads value with a new value of GEOPAK. Exit and restart MicroStation for this setting to take effect.",FALSE,FALSE,V8i,Civil,Civil,,
CIVIL_PROJECTSETTINGSDGNLIBLIST,,,"""This variable defines both the directory and specific file name of the design standards DGN Library.",FALSE,FALSE,V8i,Civil,Civil,,
CIVIL_REPORTS_DIRECTORY,,,"If the variable is set to a valid directory location, then the software would look at this specific location to locate the XML reports. If this variable is NOT set or it's set to an invalid location, then the software would look at the location where Civil installs the reports by default. NOTE: If the InRoads Project Default XSL location is defined then that is used before CIVIL_REPORTS_DIRECTORY. This maintains continuity for InRoads users.",FALSE,FALSE,V8i,Civil,Civil,,
CIVIL_ROADWAY_TEMPLATE_LIBRARY,,,Defines the default template library (ITL).,FALSE,FALSE,V8i,Civil,Civil,,
CIVIL_SHOW_MS_PROPERTIES,,,Display extra MS properties that are normally hidden on Civil Elements,FALSE,FALSE,XM,Civil,Civil,,
CIVIL_STOP_COMMAND_DEFAULTS,,,This stops the Civil commands storing their defaults as xml. Mainly used for Automated testing. Existing files will have to be deleted as it does not stop the system reading them.,FALSE,FALSE,V8i,Civil,Civil,,
CIVIL_SUPERELEVATION_RULES_DIRECTORY,,,Defines the directory to be used as the default location for superelevation preference (SEP/SR) files.,FALSE,FALSE,V8i,Civil,Civil,,
CIVIL_SURVEY_APPEND_ATTRIBUTES_TO_DESCRIPTIONS,,,"If this variable is set to 1, then any attributes associated with a point during the import process will be written to the point’s DESCRIPTION field as well as the attribute field. By populating the DESCRIPTION field, the data can be annotated graphically as the DESCRIPTION. The ATTRIBUTE field cannot be annotated.",FALSE,FALSE,V8i,Civil,Civil,,
CIVIL_SURVEY_DISABLE_DIVIDE_BY_TWELVE ,,,"If set to a value of 1, this variable indicates that the sizes read from a GEOPAK SMD XML file should not be divided by 12 when linked into Survey Feature Definitions. (Applicable for GEOPAK XML SMD files in an English environment only)",FALSE,FALSE,V8i,Civil,Civil,,
CIVIL_SURVEY_ELEVATION_POSITION_FIVE_ANGLE ,,,"If set to a value of 1, allow the elevation annotation to be rotated by the angle specified when the label position is set to position 5. (GEOPAK XML SMD only)",FALSE,FALSE,V8i,Civil,Civil,,
CIVIL_SURVEY_GEOID_BINFILE_FOLDER ,,,"Defines an alternate directory where the GEOID BIN files may be located. If not set, the standard GEOID BIN location is used.",FALSE,FALSE,V8i,Civil,Civil,,
CIVIL_SURVEY_STYLEFILE_FILE ,,,"Defines the Style file that is linked in the Survey Feature definitions. Available options are an XIN from InRoads, an XML from a GEOPAK SMD or a PSS from MX.",FALSE,FALSE,V8i,Civil,Civil,,
CIVIL_SURVEY_SURVEYOPTIONS_NAME ,,,"As the XIN can contain multiple instances of Survey Options, this allows the definition of a particular Survey Options to apply when reading the XIN file. If this variable is not defined, then the LAST occurence of the Survey Options is used. (InRoads only)",FALSE,FALSE,V8i,Civil,Civil,,
CIVIL_SURVEY_USERTIW_FOLDER ,,,Defines an alternate directory where user .TIW files can be located.,FALSE,FALSE,V8i,Civil,Civil,,
CIVIL_TM_USERTIW_FOLDER,Search Path,Terrain Model Wizard Settings file,Variable sets the path for the Wizard Setting File for the command Create Terrain Model from ASCII File.,FALSE,FALSE,V8i,Civil,Civil,,
CIVIL_XIN_FILE,,,Defines the default XIN file. (InRoads only),FALSE,FALSE,V8i,Civil,Civil,,
DA_DISABLE_DIVIDE_BY_TWELVE.,,,Ability to disable dividing by twelve when using Annotation Scale. This will accommodate ratios for annotation scales. (e.g. 1:100),FALSE,FALSE,V8i,Civil,GEOPAK,,
DTM_BSPLINE_SMOOTHING_FACTOR,,,"When contour smoothing option is set to Bspline this factor controls the degree of smoothing. The value ranges from 0.0 to 5.0. If it is outside of these limits then it is set to either the bottom range or top range. Therefore when set to 6 then the program will use 5. If set to -1 then the program will use 0. A smoothing factor of zero will force the spline to honor all contour vertices. An increase to the smoothing factor moves away from contour vertices. If a contour vertex is a tin point or on a break line, the smoothing factor for that vertex is set to 0.0.",FALSE,FALSE,XM,Civil,GEOPAK,,
GPK_ACBOOK_DDBFILE,,,"Denotes the default DDB file as well as the default directory for DDB files. When initially invoking the Design & Computation Manager, this DDB file appears in the Path dialog. Moreover, when selecting File > Open, the directory tree is set where this DDB file resides, even if another DDB file from another directory is the current DDB. Not setting this configuration variable would cause Design & Computation Manager to initially look for ..\GEOPAK\bin\default.ddb. Subsequent searches would start in the same directory as the current DDB file.",FALSE,FALSE,XM,Civil,GEOPAK,,
GPK_ACBOOK_DDBFILE_STYLES,,,"This variable sets the DDB file that defines the styles available in Corridor Modeling. Corridor Modeling imports the drafting standards from the selected DDB file into a .xin file. If this variable is not set, the software uses a default DDB file.",FALSE,FALSE,V8i,Civil,GEOPAK,,
GPK_ACBOOK_ITEM_HELP_INDEX_FILE,,,Points to the location of a csv formatted index page. Example: z:\GEOPAK\Standards\Help\Index.csv,FALSE,FALSE,XM,Civil,GEOPAK,,
GPK_ACBOOK_ITEM_HELP_METHOD,,,This variable can be set to either INDEX_FILE or URL_TEMPLATE.,FALSE,FALSE,XM,Civil,GEOPAK,,
GPK_ACBOOK_ITEM_HELP_URL_TEMPLATE,,,Points to the location of a URL. Example: http://www.agency.com/adhoc-help/12345.html,FALSE,FALSE,XM,Civil,GEOPAK,,
GPK_ACBOOK_POBPOELABEL,,,"Provides the option of additional information being included in conjunction with the Point on Tangent (POT) labels - displayed at the beginning and end of alignments. The following information is included with the Point on Tangent (POT): Point of Beginning (POB) Point of End (POE) The option is activated once the variable is set, using only the value = 1, then the software will produce labels containing the additional options listed above.",FALSE,FALSE,XM,Civil,GEOPAK,,
GPK_ACBOOK_XINFILE_STYLES,,,"This variable points to a global .xin file on a server. When this variable is set and the .xin file it points to exists, the Import DDB option is disabled.",FALSE,FALSE,V8i,Civil,GEOPAK,,
GPK_ACCUSNAP_IDENTIFY_ELEMENTS_AUTOMATICALLY,,,"Set to a value of 0, MicroStation element attribute is displayed and the GEOPAK attribute is NOT displayed. If set to 1, both the MicroStation and GEOPAK attributes are displayed.",FALSE,FALSE,V8i,Civil,GEOPAK,,
GPK_AUTOPWJOBDIR,,,"Used to help control the location of the GPK file when working in a ProjectWise environment. When the configuration variable is set, the COGO Job Directory will automatically be set to the value of the configuration variable PLUS the current ProjectWise folder.",FALSE,FALSE,V8i,Civil,GEOPAK,,
GPK_BOREHOLE_GTPFILE,,,"Denotes the location and name of the default GEOPAK GeoTechnical Preferences file. When the variable is not utilized, GEOPAK uses default.gtp located in the GEOPAK\bin directory.",FALSE,FALSE,XM,Civil,GEOPAK,,
GPK_COGO_EXPORT_PREFERENCE_FILE,,,Denotes the name and path of the default file used in COGO Navigator for exporting geometric data to a text file.,FALSE,FALSE,XM,Civil,GEOPAK,,
GPK_COMPUTATION_ENGLISH_UNIT_DEF_FILE,,,Files containing the English or Metric units used for computation in D&C Manager.,FALSE,FALSE,XM,Civil,GEOPAK,,
GPK_COMPUTATION_GRAPHIC_TABULATION_PREFERENCE_FILE,,,"Denotes the default .qtd settings file that is utilized to configure the type of table and content for the quantity computation results, when selecting the export format option ""Table"" from the Computation Result dialog.",FALSE,FALSE,XM,Civil,GEOPAK,,
GPK_COMPUTATION_METRIC_UNIT_DEF_FILE,,,,FALSE,FALSE,XM,Civil,GEOPAK,,
GPK_COMPUTATION_USE_MINIMUM_MAXIMUM_OFFSETS,,,"When computing with D&C Manager for a linear element or a shape, GEOPAK computes the min and max station point. This information is then exported to QM. In QM it shows Minimum Station, Minimum Offset, Maximum Station, and Maximum Offset. Minimum and maximum offsets means ""offset of the minimum station point"" and ""offset of the maximum station point"". If this variable is set and its value = 1, then the software exports the true minimum and maximum offsets.",FALSE,FALSE,XM,Civil,GEOPAK,,
GPK_COMPUTATON_CSV_REPORT_PREFERENCE_FILE,,,"Denotes the default .qtd settings file that is utilized to format the structure and content of the Comma Separate File (.csv) which will contain the quantity computation result, when selecting the export format option ""CSV By Item"" from the Computation Results dialog.",FALSE,FALSE,XM,Civil,GEOPAK,,
GPK_CRITSYNT_BASICDRWFILE,,,"Denotes the location and names of the default criteria syntax files. When the variable is not utilized, GEOPAK uses the default files located in the GEOPAK\bin directory.",FALSE,FALSE,XM,Civil,GEOPAK,,
GPK_CRITSYNT_DRAWTEXTFILE,,,"Denotes the location and names of the default criteria syntax files. When the variable is not utilized, GEOPAK uses the default files located in the GEOPAK\bin directory.",FALSE,FALSE,XM,Civil,GEOPAK,,
GPK_CRITSYNT_DRAWTOFILE,,,"Denotes the location and names of the default criteria syntax files. When the variable is not utilized, GEOPAK uses the default files located in the GEOPAK\bin directory.",FALSE,FALSE,XM,Civil,GEOPAK,,
GPK_CRITSYNT_DRWTRACEFILE,,,"Denotes the location and names of the default criteria syntax files. When the variable is not utilized, GEOPAK uses the default files located in the GEOPAK\bin directory.",FALSE,FALSE,XM,Civil,GEOPAK,,
GPK_CRITSYNT_IFTHENELSEFILE,,,"Denotes the location and names of the default criteria syntax files. When the variable is not utilized, GEOPAK uses the default files located in the GEOPAK\bin directory.",FALSE,FALSE,XM,Civil,GEOPAK,,
GPK_CRITSYNT_INTRVARBFILE,,,"Denotes the location and names of the default criteria syntax files. When the variable is not utilized, GEOPAK uses the default files located in the GEOPAK\bin directory.",FALSE,FALSE,XM,Civil,GEOPAK,,
GPK_CRITSYNT_LENGTHQFILE,,,"Denotes the location and names of the default criteria syntax files. When the variable is not utilized, GEOPAK uses the default files located in the GEOPAK\bin directory.",FALSE,FALSE,XM,Civil,GEOPAK,,
GPK_CRITSYNT_SLOPEFILE,,,"Denotes the location and names of the default criteria syntax files. When the variable is not utilized, GEOPAK uses the default files located in the GEOPAK\bin directory.",FALSE,FALSE,XM,Civil,GEOPAK,,
GPK_CRITSYNT_SUBSTRNGFILE,,,"Denotes the location and names of the default criteria syntax files. When the variable is not utilized, GEOPAK uses the default files located in the GEOPAK\bin directory.",FALSE,FALSE,XM,Civil,GEOPAK,,
GPK_CROSSING_SYMBOLOGY,,,For getting the miscellaneous Utilities in Drainage/Water/Sewer Profiles to draw the utilities in the symbology of the plan view element – so the symbologies are different. GPK_CROSSING_SYMBOLOGY = 1,FALSE,FALSE,XM,Civil,GEOPAK,,
GPK_DC_3PCDIR,,,Denotes the directory where 3PC criteria files can be found by D&C Manager. Not setting this configuration variable would result in the D&C Manager looking for criteria files in the working directory.,FALSE,FALSE,XM,Civil,GEOPAK,,
GPK_DDB_NO_DIVIDE_BY_TWELVE,,,"Defines how the annotation scale is applied, whether it should be divided by 12 or not when applying annotation to a Civil Geometry chains.",FALSE,FALSE,V8i,Civil,GEOPAK,,
GPK_DDB_STA_CONTROL_PNTS,,,This variable is needed to set control point labels for Civil Geometry elements. These settings are not stored in the DDB file but are set in the dialog at run-time. 0 = As Per Preferences 1 = Force Left 2 = Force Right,FALSE,FALSE,XM,Civil,GEOPAK,,
GPK_DDB_STA_LARGE_TICKS,,,This variable is needed to control large station tics and labels for Civil Geometry elements. These settings are not stored in the DDB file but are set in the dialog at run-time. 0 = Ticks Left Label Left 1 = Ticks Right Labels Right 2 = Ticks Both Labels Left 3 = Ticks Both Labels Right,FALSE,FALSE,XM,Civil,GEOPAK,,
GPK_DDB_STA_SMALL_TICKS,,,This variable is needed to control small station tics and labels for Civil Geometry elements. These settings are not stored in the DDB file but are set in the dialog at run-time. 0 = Ticks Left Label Left 1 = Ticks Right Labels Right 2 = Ticks Both Labels Left 3 = Ticks Both Labels Right,FALSE,FALSE,XM,Civil,GEOPAK,,
GPK_DISABLE_PW_SHEET_CHECKIN,,,"This variable is used to turn off the automatic ProjectWise check-in of sheets when created by GEOPAK. If the variable is not set, then by default the sheets are checked in. 0 = automatic check-in is enabled. (default) 1 = automatic check-in is disabled.",FALSE,FALSE,V8i,Civil,GEOPAK,,
GPK_DISABLE_PW_TITLEBLOCKS,,,This variable is used to turn off searching for title blocks by ProjectWise when creating Sheets in GEOPAK. Variables for setting the precision of the area value generated by the space tool. 0 = Title block search is enabled. (default) 1 = Title block search is disabled.,FALSE,FALSE,V8i,Civil,GEOPAK,,
GPK_DRGPREF_DEFCELLLIB,,,"Path for the cell library utilized within the Drainage Preferences. When the variable is not utilized, GEOPAK uses gdcel.cel located in the GEOPAK\bin directory.",FALSE,FALSE,XM,Civil,GEOPAK,,
GPK_DRGPREF_DEFDRLIB,,,"Path for the drainage library. When the variable is not utilized, GEOPAK uses default.dlb located in the GEOPAK\bin directory.",FALSE,FALSE,XM,Civil,GEOPAK,,
GPK_DRGPREF_DEFPREFDIR,,,"Path for the drainage preferences. When the variable is not utilized, GEOPAK uses the default located in the GEOPAK\bin directory.",FALSE,FALSE,XM,Civil,GEOPAK,,
GPK_DRGPREF_FILENAME,,,Will use the specified path and file name to set the default drainage preference file.,FALSE,FALSE,XM,Civil,GEOPAK,,
GPK_DRGPREF_LINK_MATERIAL_OTHER,,,"Changes the Material pulldown in the Drainage Library from ‘Steel’ to ‘Other’.
GPK_DRGPREF_LINK_MATERIAL_OTHER = 1",FALSE,FALSE,XM,Civil,GEOPAK,,
GPK_DTM_LOADDEF,,,Loads the specified file when the Load DTM Features tool is opened.,FALSE,FALSE,XM,Civil,GEOPAK,,
GPK_DTM_MNDOT_VOID_VALIDATE,,,"If activated (set to 1), it validates and cleans ADJOINING voids and then assembles adjoining voids into one void.",FALSE,FALSE,XM,Civil,GEOPAK,,
GPK_DTM_VALIDATE_POLYGONAL_FEATURES,,,"If activated (set to 1), it validates and cleans INTERSECTING Voids and Islands and assembles intersecting voids and/or islands into one void and/or island. If this is set it takes precedent.",FALSE,FALSE,XM,Civil,GEOPAK,,
GPK_EDITOR,,,"If GPK_EDITOR is defined, that program will be used, such as Notepad, Wordpad, Ultraedit, etc. If GPK_EDITOR is undefined, the MDL based editor is utilized. Include the entire path and executable file name.",FALSE,FALSE,XM,Civil,GEOPAK,,
GPK_ENGMET_TXTFILE,,,"Denotes the location and name of the default conversion file. When the variable is not utilized, GEOPAK uses the default located in the GEOPAK\bin directory.",FALSE,FALSE,XM,Civil,GEOPAK,,
GPK_FORCE_ALLCFGVARS,,,Apply the force behavior to all GEOPAK configuration variables.,FALSE,FALSE,XM,Civil,GEOPAK,,
GPK_FORCE_SURVMNGR_SMDFILE,,,"Using force variables causes GEOPAK to use the resolution of the variable exclusively and ignore the GEOPAK resource files. These variables have the keyword _FORCE_ inserted into the generic variables. If this is defined then the variable is always used to define the file and or directory used. Without this forcing, the resource file has priority. Note: Not all GEOPAK variables have a force variable. See the GEOPAK Help for a list of those variables that can be forced. The syntax to set and then force the variable is illustrated left. Note the variable is set first, and then the force option is a second line. GPK_FORCE_SURVMNGR_SMDFILE = 1",FALSE,FALSE,XM,Civil,GEOPAK,,
GPK_GEOTECH_FILETYPE,,,"If one is set, the ""gtd"" format is utilized. Otherwise, a default type of ""mdb"" is assumed.",FALSE,FALSE,XM,Civil,GEOPAK,,
GPK_GWSPREF_FILENAME,,,This variable allows the user to point to a specific preference file when opening the Water and Sewer Preference Dialog.,FALSE,FALSE,XM,Civil,GEOPAK,,
GPK_HA_ASYMMETRICAL_TAPERED_CURVE_TABLE,,,"Denotes the location and name of design table files. When the variables are not utilized, GEOPAK utilizes files located in the GEOPAK\bin directory.",FALSE,FALSE,XM,Civil,GEOPAK,,
GPK_HA_ASYMMETRICAL_THREE_CENTERED_CURVE_TABLE,,,"Denotes the location and name of design table files. When the variables are not utilized, GEOPAK utilizes files located in the GEOPAK\bin directory.",FALSE,FALSE,XM,Civil,GEOPAK,,
GPK_HA_SPIRAL_DESIGN_TABLE,,,"Denotes the location and name of design table files. When the variables are not utilized, GEOPAK utilizes files located in the GEOPAK\bin directory.",FALSE,FALSE,XM,Civil,GEOPAK,,
GPK_HA_SYMMETRICAL_TAPERED_CURVE_TABLE,,,"Denotes the location and name of design table files. When the variables are not utilized, GEOPAK utilizes files located in the GEOPAK\bin directory.",FALSE,FALSE,XM,Civil,GEOPAK,,
GPK_HA_SYMMETRICAL_THREE_CENTERED_CURVE_TABLE,,,"Denotes the location and name of design table files. When the variables are not utilized, GEOPAK utilizes files located in the GEOPAK\bin directory.",FALSE,FALSE,XM,Civil,GEOPAK,,
GPK_HA_TURNING_PATH_DESIGN_VEHICLE_TABLE,,,"Denotes the location and name of design table files. When the variables are not utilized, GEOPAK utilizes files located in the GEOPAK\bin directory.",FALSE,FALSE,XM,Civil,GEOPAK,,
GPK_LABELER_DRGSTYLEFILE,,,"Denotes the location and name of the default drainage labeler style file. When the variable is not utilized, GEOPAK uses the default file located in the GEOPAK\bin directory.",FALSE,FALSE,XM,Civil,GEOPAK,,
GPK_LABELER_PLANSTYLEFILE,,,"Denotes the location and names of the default labeler style files. When the variable is not utilized, GEOPAK uses the default files located in the GEOPAK\bin directory.",FALSE,FALSE,XM,Civil,GEOPAK,,
GPK_LABELER_PROFSTYLEFILE,,,"Denotes the location and names of the default labeler style files. When the variable is not utilized, GEOPAK uses the default files located in the GEOPAK\bin directory.",FALSE,FALSE,XM,Civil,GEOPAK,,
GPK_LABELER_WATSEWSTYLEFILE,,,"Denotes the location and name of the default WaterSewer labeler style file. When the variable is not utilized, GEOPAK uses the default file located in the GEOPAK\bin directory.",FALSE,FALSE,XM,Civil,GEOPAK,,
GPK_LABELER_XSSTYLEFILE,,,"Denotes the location and names of the default labeler style files. When the variable is not utilized, GEOPAK uses the default files located in the GEOPAK\bin directory.",FALSE,FALSE,XM,Civil,GEOPAK,,
GPK_LDEDIT_LDBFILE,,,Denotes the location and name of the default legal description library file.,FALSE,FALSE,XM,Civil,GEOPAK,,
GPK_LEVEL_CREATE_NEW,,,"If set to 1, when a prescribed level is not found, GEOPAK creates the level and places the element on it. If set to zero or not set, then no levels are created. If a function specifies a specific level and it is not found then the graphics are created on the default level.",FALSE,FALSE,XM,Civil,GEOPAK,,
GPK_LEVEL_DEFAULT,,,"Defines a level name to be used as default for GEOPAK. GEOPAK will draw to this level when the prescribed level is not found. If not defined, the element is drawn to the MicroStation default level.",FALSE,FALSE,XM,Civil,GEOPAK,,
GPK_LEVEL_PROFILE_CELL,,,"Controls the level name on which the Profile Cell is placed. If not defined, GEOPAK places it on the level assigned to number 63. GPK_LEVEL_PROFILE_CELL = Level Name",FALSE,FALSE,XM,Civil,GEOPAK,,
GPK_LEVEL_SET_BYLEVELS,,,"If set to 1, selecting a level from a graphical symbology dialog will cause the color, weight and style to automatically default to ByLevel. If not defined, all parameters must be set.",FALSE,FALSE,XM,Civil,GEOPAK,,
GPK_LEVEL_WARNING,,,"If set to 1, a message is issued whenever GEOPAK draws an element and its prescribed level is not found. The element is drawn elsewhere. If not set, no warning is issued.",FALSE,FALSE,XM,Civil,GEOPAK,,
GPK_LEVEL_XS_CELL,,,"Controls the level name on which the Cross Section Cells are placed. If not defined, GEOPAK places them on the level assigned to number 63. GPK_LEVEL_XS_CELL = Level Name",FALSE,FALSE,XM,Civil,GEOPAK,,
GPK_MENU_HIDE_DEACTIVATE,,,"When activated, the product hidden from the displaying on the main Applications pulldown menu, assuming the product is licensed and loaded.",FALSE,FALSE,XM,Civil,GEOPAK,,
GPK_MENU_HIDE_DRAINAGE,,,"When activated, the product hidden from the displaying on the main Applications pulldown menu, assuming the product is licensed and loaded.",FALSE,FALSE,XM,Civil,GEOPAK,,
GPK_MENU_HIDE_LANDSCAPE,,,"When activated, the product hidden from the displaying on the main Applications pulldown menu, assuming the product is licensed and loaded.",FALSE,FALSE,XM,Civil,GEOPAK,,
GPK_MENU_HIDE_ROAD,,,"When activated, the product hidden from the displaying on the main Applications pulldown menu, assuming the product is licensed and loaded.",FALSE,FALSE,XM,Civil,GEOPAK,,
GPK_MENU_HIDE_SITE,,,"When activated, the product hidden from the displaying on the main Applications pulldown menu, assuming the product is licensed and loaded.",FALSE,FALSE,XM,Civil,GEOPAK,,
GPK_MENU_HIDE_SURVEY,,,"When activated, the product hidden from the displaying on the main Applications pulldown menu, assuming the product is licensed and loaded.",FALSE,FALSE,XM,Civil,GEOPAK,,
GPK_MENU_HIDE_WATERSEWER,,,"When activated, the product hidden from the displaying on the main Applications pulldown menu, assuming the product is licensed and loaded.",FALSE,FALSE,XM,Civil,GEOPAK,,
GPK_MY_CRITERIADIR,,,"Defines criteria files in both an INP file and a CTL file context. Hence, the following syntax could be incorporated to locate criteria files: $(GPK_MY_CRITERIADIR)\curb.x. Relative directories are supported, including those that backtrack: $(GPK_MY_CRITERIADIR)\..\cg\curb.x.",FALSE,FALSE,XM,Civil,GEOPAK,,
GPK_NOAUTOACTIVATE,,,"Causes GEOPAK to always be inactive when MicroStation is invoked. Define this variable to be anything to enable this operation. To utilize GEOPAK, select GEOPAK > Activate.",FALSE,FALSE,XM,Civil,GEOPAK,,
GPK_PRJXS_CRITERIADIR,,,"Denotes the default directory where standard criteria files reside. When pressing the Add push button inside the Criteria File group box on the Project Manager > Proposed Cross Sections > Shape Cluster dialog, the directory identified by this configuration variable would appear at the top of the Criteria dialog and the list of criteria files would be located in this directory. Not setting this configuration variable would result in Project Manager looking for criteria files in the working directory. Cross section processing would not be affected by this configuration variable and would continue to operate by looking for criteria files in the same directory as the cross section DGN file.",FALSE,FALSE,XM,Civil,GEOPAK,,
GPK_PROFILE_COMPUTATION,,,Set to AASHTO2001 to use this standard or anything else to use 1991 or 1994.,FALSE,FALSE,XM,Civil,GEOPAK,,
GPK_PROFILE_CURVATURE_TABLE,,,"Denotes the location and name of K value tables file. When the variables are not utilized, GEOPAK utilizes files located in the GEOPAK\bin directory.",FALSE,FALSE,XM,Civil,GEOPAK,,
GPK_PROJECTWISE_CREATION_EXCLUDED_EXTENSIONS,,,"Defines extensions to be excluded from ProjectWise (* = exclude all) GPK_PROJECTWISE_CREATION_EXCLUDED_EXTENSIONS = log,txt,inp",FALSE,FALSE,V8i,Civil,GEOPAK,,
GPK_PROJECTWISE_CREATION_INCLUDED_EXTENSIONS,,,"Defines extensions to be included from ProjectWise (*= include all) GPK_PROJECTWISE_CREATION_INCLUDED_EXTENSIONS = tin,gdf,dlb,gtp",FALSE,FALSE,V8i,Civil,GEOPAK,,
GPK_PROJECTWISE_MESSAGECENTER,,,Provides messages in the message field for GEOPAK working in a ProjectWise environment. 0 = messages off (default) 1 = messages on,FALSE,FALSE,V8i,Civil,GEOPAK,,
GPK_PROJECTWISE_MESSAGEPOPUP,,,Provides messages in a dialog box for GEOPAK working in a ProjectWise environment.,FALSE,FALSE,V8i,Civil,GEOPAK,,
GPK_PROJMGR_PROJECTDIR,,,"Denotes the default directory where Project Manager project data (PRJ files) reside. When invoking GEOPAK Project Manager for the first time, this directory appears at the top of the Project Manager dialog. Not setting this configuration variable would cause Project Manager to point to the working directory.",FALSE,FALSE,XM,Civil,GEOPAK,,
GPK_QUANTITYMANAGER_CFGFILE,,,"Defines a specific Quantity Manager configuration file (.cfg), and ignores the local default version. Utilize when the Quantity Manager works from a file that is not local, for example a file that is located on a central server. The location of this file must be listed using a mapped network drive, as the configuration file does not support conventional file path format.",FALSE,FALSE,XM,Civil,GEOPAK,,
GPK_RD_NO_DISPLAY_FEATURES,,,"When this is set to 1, it will turn off drawing of roadway designer plan view features. This will enhance the speed of processing within Roadway Designer on larger projects.",FALSE,FALSE,V8i,Civil,GEOPAK,,
GPK_RD_TEMPLATE_LIBRARY,,,This variable sets the default template library to be used in Corridor Modeling.,FALSE,FALSE,V8i,Civil,GEOPAK,,
GPK_RSCDIR,,,Defines the location of the GEOPAK resource files.,FALSE,FALSE,V8i,Civil,GEOPAK,,
GPK_SHEET_TYPE_OPTIONS,,,Determines the options displayed in the plan and cross section Sheet Type. Values are: Plan; Plan and Profile; Profile; Ditch Profiles; Dual Plan; Dual Profile; Maintenance Of Traffic; Cross Sections; Side Road Cross Sections; Ditch Cross Sections,FALSE,FALSE,XM,Civil,GEOPAK,,
GPK_SHEET_TYPE_OPTIONS_LOCK,,,"When set to 1, the Sheet_Type_Options shown in the sheet applications are locked so the user cannot create a Custom defined sheet type.",FALSE,FALSE,XM,Civil,GEOPAK,,
GPK_SHEETCLP_IGNORE_MISSING_REFS,,,The ability to ignore missing references files when creating sheets.,FALSE,FALSE,XM,Civil,GEOPAK,,
GPK_SHEETCLP_PLAN_MOTIF_FILE_DIR,,,"Sets the Motif File for the corresponding Plan Port Information dialog. In addition. When not defined, the current working directory is utilized.",FALSE,FALSE,XM,Civil,GEOPAK,,
GPK_SHEETCLP_PROFILE_MOTIF_FILE_DIR,,,"Sets the Motif File for the corresponding Profile Port Information dialog. In addition. When not defined, the current working directory is utilized.",FALSE,FALSE,XM,Civil,GEOPAK,,
GPK_SHEETCLP_SEED_PLAN_MOTIF_FILE_DIR,,,Defines the location of the plan motif seed file directory,FALSE,FALSE,XM,Civil,GEOPAK,,
GPK_SHEETCLP_SEED_PLAN_MOTIF_FILE_NAME,,,References the motif seed file name for plan view,FALSE,FALSE,XM,Civil,GEOPAK,,
GPK_SHEETCLP_SEED_PROFILE_MOTIF_FILE_DIR,,,Defines the location of the profile motif seed file directory,FALSE,FALSE,XM,Civil,GEOPAK,,
GPK_SHEETCLP_SEED_PROFILE_MOTIF_FILE_NAME,,,References the motif seed file name for profile view,FALSE,FALSE,XM,Civil,GEOPAK,,
GPK_SHEETCLP_SEED_TABULAR_DATA_MOTIF_FILE_DIR,,,Defines the location of the tabular data motif seed file directory,FALSE,FALSE,XM,Civil,GEOPAK,,
GPK_SHEETCLP_SEED_TABULAR_DATA_MOTIF_FILE_NAME,,,References the motif seed file name for tabular data view,FALSE,FALSE,XM,Civil,GEOPAK,,
GPK_SHEETCLP_SHEET_CELL_LIBRARY_DIR,,,"Contains the path in which to search for sheet cell libraries (which are named in the currently attached sheet library) if the entry does not contain a path. If this variable is not defined, cell libraries for sheets are first searched for in the current directory, then in the GEOPAK bin folder.",FALSE,FALSE,XM,Civil,GEOPAK,,
GPK_SHEETCLP_SHEET_LIBRARY_DIR,,,"This is the path to be used for determining the path of the sheet library as set out in the _DIR Variables section above. Its corresponding dialog items are the Sheet > Library > Attach file selector dialog in the sheet clip application. In the sheet library application, it influences the file selector dialogs for Library > New, Library > Save As, Library > Open if those paths are not already set.",FALSE,FALSE,XM,Civil,GEOPAK,,
GPK_SHEETCLP_SHEET_LIBRARY_NAME,,,"Path and name for the sheet library. If GPK_SHEETCLP_SHEET_LIBRARY_NAME is not set, the application opens with default.psl located in the GEOPAK bin folder.",FALSE,FALSE,XM,Civil,GEOPAK,,
GPK_SHEETCLP_SHEET_OUTPUT_DIR,,,"This is the directory with which to initialize the Output Directory in the Clip Sheets dialog. If the variable is not defined, the current working directory is utilized.",FALSE,FALSE,XM,Civil,GEOPAK,,
GPK_SHEETCLP_TABULAR_DATA_MOTIF_FILE_DIR,,,"Sets the Motif File for the corresponding Tabular Port Information dialog. In addition. When not defined, the current working directory is utilized.",FALSE,FALSE,XM,Civil,GEOPAK,,
GPK_SUPER_AUTOSHAPEINPUTDIR,,,Directory to write autoshape input files and log files. Not setting this configuration variable would cause the tool to initially look in the user's current directory.,FALSE,FALSE,XM,Civil,GEOPAK,,
GPK_SUPER_EDIR,,,Directory to search for e-computation csv files. Not setting this configuration variable would cause the tool to initially look in ..\GEOPAK\bin\ bin directory.,FALSE,FALSE,XM,Civil,GEOPAK,,
GPK_SUPER_EDITOR,,,Application to use in editing .csv files from the Preference Dialog. There is no default if the variable is not defined. Include the entire path and executable file name.,FALSE,FALSE,XM,Civil,GEOPAK,,
GPK_SUPER_LENGTHDIR,,,Directory to search for length-computation csv files. Not setting this configuration variable would cause the tool to initially look in ..\GEOPAK\bin\ bin directory.,FALSE,FALSE,XM,Civil,GEOPAK,,
GPK_SUPER_PREFDIR,,,Directory to search for Preferences Files GEOPAK bin directory Not setting this configuration variable would cause the tool to initially look in ..\GEOPAK\bin\ bin directory.,FALSE,FALSE,XM,Civil,GEOPAK,,
GPK_SURVEY_DISABLEGEODOUTPUT,,,If this variable is enabled it disables the output screen when processing large data files in order to decrease the delay in processing.,FALSE,FALSE,XM,Civil,GEOPAK,,
GPK_SURVEY_EXTERNALOBSCONVERTEREXE,,,This variable allows the user to specify an external OBS converter.,FALSE,FALSE,XM,Civil,GEOPAK,,
GPK_SURVEY_EXTERNALOBSPARAMS,,,"Parameters to send to the converter exe. %o = Full path to obs file (path only) %g = Full file path and extension of obs to be created or appended to %m = Base name of obs file no extension %p = Full path to raw file (path only) %f = Full file path and extension of raw %n = Base name of raw file no extension %w = 0 for Overwrite, 1 for Append",FALSE,FALSE,XM,Civil,GEOPAK,,
GPK_SURVEY_LEICADBXDIR,,,Defines the full path to the Leica Job Directory when using Leica DBX.,FALSE,FALSE,XM,Civil,GEOPAK,,
GPK_SURVEY_SCANGPKFORORPHANRUNS,,,"Set to 1 on data set open or new if the gpk has any datasets names in it that is not part of current project. It will create a dataset record for the dataset. If set to 0, it will not look for them.",FALSE,FALSE,XM,Civil,GEOPAK,,
GPK_SURVEY_SEED_DGNFILE,,,"This variable, when set to a full path and seed design file, displays a new test field and icon in the ASCII import dialog to specify an existing or new file name to draw graphics to.",FALSE,FALSE,XM,Civil,GEOPAK,,
GPK_SURVEY_SEED_SDPFILE,,,"Sets the default settings initially for survey on startup and should include full path, file name and extension. GPK_SURVEY_SEED_SDPFILE = d:/temp/$(units)/def.sdp",FALSE,FALSE,XM,Civil,GEOPAK,,
GPK_SURVMNGR_SMDFILE,,,"Denotes the default SMD file as well as the default directory for SMD files. When initially invoking the Survey Manager, this SMD file appears in the Path dialog. Moreover, when selecting File > Open, the directory tree is set where this SMD file resides, even if another SMD file from another directory is the current SMD. Not setting this configuration variable would cause Survey Manager to initially look for ...\GEOPAK\bin\default.smd. Subsequent searches would start in the same directory as the current SMD file.",FALSE,FALSE,XM,Civil,GEOPAK,,
GPK_TABLES_RTRFILE,,,"Denotes the location and name of the default tables file. When the variable is not utilized, GEOPAK uses tables.rtr located in the GEOPAK \bin directory.",FALSE,FALSE,XM,Civil,GEOPAK,,
GPK_TXDOT_SUPER_PARABOLIC_TRANSITION,,,"If set to 1, this variable enables the Texas DOT super elevation non-linear curve option. This option is used to center the parabolic curve length on the transition.",FALSE,FALSE,XM,Civil,GEOPAK,,
GPK_TYPICAL,,,"Denotes the default directory where typicals files reside. When not set, GEOPAK looks in ..\GEOPAK\samples\road\typical directory.",FALSE,FALSE,XM,Civil,GEOPAK,,
GPK_TYPICAL_CRITERIA_OUTPUT_DIR,,,Denotes the directory destination for generated typical section criteria files and any INCLUDE and GET commands utilized within the criteria control file.,FALSE,FALSE,XM,Civil,GEOPAK,,
GPK_TYPICAL_EDITOR,,,"Setting this variable invokes a different text editor. By default, GEOPAK opens WordPad to view typical description files. If the typical documentation files were created with a different editing or word processing software, it is prudent to review the files utilizing the same software. Include the entire path and executable file name.",FALSE,FALSE,XM,Civil,GEOPAK,,
GPK_TYPICAL_HELPFILE_EXTENSION,,,Specifies the default extension of the Typical Section Generator help files. If this is not set then the default extension is .wri.,FALSE,FALSE,XM,Civil,GEOPAK,,
GPK_TYPICAL_SUPPRESS_CRITERIA_FILE_OVERWRITE_PROMPT,,,If this variable is enabled then the Typical Section Generator prompt of whether or not to overwrite criteria files is suppressed. GPK_TYPICAL_SUPPRESS_CRITERIA_FILE_OVERWRITE_PROMPT = 1,FALSE,FALSE,XM,Civil,GEOPAK,,
GPK_TYPICAL_SUPPRESS_SHAPELESS_MODE_VALIDATION_PROMPT,,,If this variable is enabled then the shapeless mode warning from Typical Section Generator is suppressed. GPK_TYPICAL_SUPPRESS_SHAPELESS_MODE_VALIDATION_PROMPT = 1,FALSE,FALSE,XM,Civil,GEOPAK,,
GPK_XS_LABEL_DEFAULT_SYMBOLOGY,,,Points to a setting file used to set the default values for the XS VBA Labeler included in Corridor Modeler. This is an ASCII text file that maybe edited to match local standards.,FALSE,FALSE,XM,Civil,GEOPAK,,
GPK_XS_LABELER,,,Denotes the location of the Cross Section Labeler VBA that is called from the Corridor Modeling dialog. If not set the program uses the one delivered with GEOPAK.,FALSE,FALSE,XM,Civil,GEOPAK,,
GPK_XS_SHEET_LIBRARY_DIR,,,"This is the path used for determining the sheet library. Its corresponding dialog items are the Sheet > Library > Attach file selector dialog in the sheet clip application. In the sheet library application, it influences the file selector dialogs for Library > New, Library > Save As, Library > Open if those paths are not already set. If the user specifies GPK_XS_SHEET_LIBRARY_NAME and that file has no path in it, the applications search for _NAME in the directory _DIR. If it does not find it, it looks next in the current directory then in the ..\GEOPAK\bin directory.",FALSE,FALSE,XM,Civil,GEOPAK,,
GPK_XS_SHEET_LIBRARY_NAME,,,"The sheet library name and path. If not set, the application opens with default.xssl (located in .GEOPAK\bin).",FALSE,FALSE,XM,Civil,GEOPAK,,
GPK_XS_SHEET_MODEL_PREFIX,,,Specifies a prefix to be used when the option is selected to place xs sheets in individual models.,FALSE,FALSE,XM,Civil,GEOPAK,,
GPKDRG_HYD_METHOD,,,0 (Mannings) 1 (Hazen-Williams) 2 (Colebrook White),FALSE,FALSE,XM,Civil,GEOPAK,,
GPKDRG_SMOOTH_HGL,,,If set to 1 is used for smoothing HGL.,FALSE,FALSE,XM,Civil,GEOPAK,,
GPKHYD_DEFAULT_PROFPREFSEWER,,,Used to set a file path to the PPF preferences for drawing sewer profiles.,FALSE,FALSE,XM,Civil,GEOPAK,,
GPKHYD_DEFAULT_PROFPREFSTORM,,,Used to set a file path to the PPF preferences for drawing drainage profiles.,FALSE,FALSE,XM,Civil,GEOPAK,,
GPKHYD_DEFAULT_PROFPREFWATER,,,Used to set a file path to the PPF preferences for drawing water profiles.,FALSE,FALSE,XM,Civil,GEOPAK,,
GPKLABEL_NODUE_BEARINGS,,,"When set to 1, labels at due North (South, East or West), for example the label would read “Due North” instead of “N 0 00’ 00” E”",FALSE,FALSE,XM,Civil,GEOPAK,,
OPENGL_WHITE_BACKGROUND,,,A Windows System Environment Variable can be created so that the backgrounds for the Modeler commands display white instead of black. Define a user variable with a name of OPENQV_WHITE_BACKGROUND and a value of 1 when running MicroStation V8i (SELECTseries 2). Define a user variable with a name of OPENGL_WHITE_BACKGROUND and a value of 1 when running AutoCAD.,FALSE,FALSE,V8i,Civil,Civil,,
OPENQV_WHITE_BACKGROUND,,,A Windows System Environment Variable can be created so that the backgrounds for the Modeler commands display white instead of black. Define a user variable with a name of OPENQV_WHITE_BACKGROUND and a value of 1 when running MicroStation V8i (SELECTseries 2). Define a user variable with a name of OPENGL_WHITE_BACKGROUND and a value of 1 when running AutoCAD.,FALSE,FALSE,V8i,Civil,Civil,,
MS_COLORBOOK_LIBRARIES,Filename       ,Colorbook Library List         ,contains the list of DGN files that are used as a source for color books.,FALSE,TRUE,XM,Colors,Microstation,,
MS_DEFCTBL,,Default Color Table            ,Default color table if the design file has none.  (MS_DEFCTBL),FALSE,TRUE,XM,Colors,Microstation,,
MS_LMENCTBL,Filelist       ,Left Menu Color Table          ,Default menu colors (dialogs  dialog borders  etc.) for the left screen.  File specification pointing to a color table (.tbl) file (MS_LMENCTBL),TRUE,FALSE,XM,Colors,Microstation,,
MS_RMENCTBL,Search Path    ,Right Menu Color Table         ,Default menu colors (dialogs  dialog borders  etc.) for the right screen.  File specification pointing to a color table (.tbl) file (MS_RMENCTBL),TRUE,FALSE,XM,Colors,Microstation,,
MS_SYSTEM_COLORBOOKS,Filelist       ,System Color Books Directory   ,sets the directory name containing the system color books delivered with MicroStation.,FALSE,FALSE,XM,Colors,Microstation,,
MS_CMDTABLE_LOAD,Directory      ,Key-in Table Auto-load         ,List of MDL Applications that will have their key-in tables auto-loaded. (MS_CMDTABLE_LOAD),TRUE,FALSE,XM,Command Table,Microstation,,
COMPONENT_EXPLORER_SETTINGS_HIDE_SCHEMAS,,Component Explorer Query Dialog Schema Filtering   ,By default  the Query dialog shows classes from all loaded schemas/libraries in the class combo box.  To hide some of the schemas/libraries  you can add them to the following setting concatenated by semi-colons. Ex. Jclass;ams,FALSE,FALSE,V8i,Component Explorer,Navigator,,
COMPONENT_EXPLORER_SETTINGS_SHOW_ALL,,Component Explorer View Settings     ,If no view settings are applied  the default is to show just MEMBERS objects including MEMBERS objects from all reference models.  0 = Don't apply  1 = Apply view setting       ,FALSE,FALSE,V8i,Component Explorer,Navigator,,
COMPONENT_EXPLORER_SETTINGS_SHOW_RELATION_REFERENCES,,Component Explorer View Settings     ,If no view settings are applied  the default is to show just MEMBERS objects including MEMBERS objects from all reference models.  0 = Don't apply  1 = Apply view setting       ,FALSE,FALSE,V8i,Component Explorer,Navigator,,
_ENGINENAME,Directory      ,Foundation Product             ,The name of the Foundation Product (e.g.  MicroStation). (_ENGINENAME),TRUE,FALSE,XM,Configuration,Microstation,,
_INTELNT,Filename       ,Operating System               ,Set if operating system is Windows. (_INTELNT),TRUE,FALSE,XM,Configuration,Microstation,,
_MICROSTATION,Keyword        ,Product                        ,Set if product is MicroStation. (_MICROSTATION),TRUE,FALSE,XM,Configuration,Microstation,,
_PLATFORMNAME,Boolean        ,Platform Name                  ,Short name of this platform. Useful for building platform-specific sub-directories. (_PLATFORMNAME),TRUE,FALSE,XM,Configuration,Microstation,,
_ROOTDIR,,Executable Directory           ,Location (directory) of the MicroStation executable. (_ROOTDIR),TRUE,FALSE,XM,Configuration,Microstation,,
_USTN_APPL,Directory      ,Application Config Files       ,Directory containing MicroStation application configuration files.  (_USTN_APPL),TRUE,FALSE,XM,Configuration,Microstation,,
_USTN_BENTLEYROOT,Directory      ,Bentley Root Directory         ,Defines the root directory for Bentley product suite. The following     variables are based on _USTN_BENTLEYROOT: _USTN_WORKSPACEROOT  _USTN_LICENSING.(_USTN_BENTLEYROOT),TRUE,FALSE,XM,Configuration,Microstation,,
_USTN_CAPABILITY,,MicroStation Capabilities      ,Defines one or more capabilities in MicroStation that are to be restricted.     See MicroStation's documentation for a full list of features and capabilities that can be restricted.  This the master capability configuration variable that applies to all w,TRUE,FALSE,XM,Configuration,Microstation,,
_USTN_CAPABILITY_DGN,Directory      ,DGN Workmode Capabilities      ,Defines one or more capabilities in DGN workmode that are to be restricted.     See MicroStation's documentation for a full list of features and capabilities that can be restricted. This variable only restricts capabilities in V8 DGN workmode. (_USTN_CAP,TRUE,FALSE,XM,Configuration,Microstation,,
_USTN_CAPABILITY_DWG,Keyword        ,DWG Workmode Capabilities      ,Defines one or more capabilities in DWG workmode that are to be restricted.     See MicroStation's documentation for a full list of features and capabilities that can be restricted. This variable only restricts capabilities in DWG workmode.    (_USTN_CAP,TRUE,FALSE,XM,Configuration,Microstation,,
_USTN_CAPABILITY_V7,Keyword        ,V7 Workmode Capabilities       ,Defines one or more capabilities in V7 workmode that are to be restricted.     See MicroStation's documentation for a full list of features and capabilities that    can be restricted. This variable only restricts capabilities in V7 workmode.    (_USTN_CA,TRUE,FALSE,XM,Configuration,Microstation,,
_USTN_CHARTRAN,Keyword        ,Char Tran Directory            ,Directory containing character translation tables. (_USTN_CHARTRAN),TRUE,FALSE,XM,Configuration,Microstation,,
_USTN_DATABASE,,Database Configuration Files   ,Directory containing MicroStation database configuration files.  (_USTN_DATABASE),TRUE,FALSE,XM,Configuration,Microstation,,
_USTN_DATABASECFG,Keyword        ,Database Configuration File    ,MicroStation database configuration file name.  (_USTN_DATABASECFG),TRUE,FALSE,XM,Configuration,Microstation,,
_USTN_DATABASENAME,Directory      ,Database Name                  ,Base name of current database configuration file.  (_USTN_DATABASENAME),TRUE,FALSE,XM,Configuration,Microstation,,
_USTN_DEFAULTUSER_CFG_FILE,Filename       ,Default User Configuration File ,Base name of the configuration file that holds the default user name.  (_USTN_DEFAULTUSER_CFG_FILE),TRUE,FALSE,XM,Configuration,Microstation,,
_USTN_DEFUSERINTNAME,Base Name      ,Default Interface Subdirectory ,"Subdirectory under ""_USTN_USERINT"" that actually contains the default user interface resource modification files. (_USTN_DEFUSERINTNAME)",TRUE,FALSE,XM,Configuration,Microstation,,
_USTN_DISPLAYALLCFGVARS,Directory      ,Config Var Display Flag        ,If set  all configuration variables (including those of the format _USTN_xxx) will be displayed.  (_USTN_DISPLAYALLCFGVARS),FALSE,FALSE,XM,Configuration,Microstation,,
_USTN_DOCUMENTATIONROOT,Directory      ,Documentation Root Directory   ,Defines the root location for product documentation. (_USTN_DOCUMENTATIONROOT),TRUE,FALSE,XM,Configuration,Microstation,,
_USTN_FIRSTDGNFILE,,MDL Apps Loaded on First Design File ,List of MDL applications that are loaded on startup after the user selects an initial design file. (_USTN_FIRSTDGNFILE),TRUE,FALSE,XM,Configuration,Microstation,,
_USTN_HOMEROOT,,Local Product-specific Data Directory ,Defines the root location for Bentley product-specific data that is unique to a computer or workstation. (_USTN_HOMEROOT),TRUE,FALSE,XM,Configuration,Microstation,,
_USTN_LICENSING,,Licensing Directory            ,Defines the location of product licensing folder. (_USTN_LICENSING),TRUE,FALSE,XM,Configuration,Microstation,,
_USTN_NEWDGNFILE,,MDL Apps Loaded on New Design File ,List of MDL applications to be reloaded each time a new design file is opened  except when it is the first design file. (_USTN_NEWDGNFILE),TRUE,FALSE,XM,Configuration,Microstation,,
_USTN_OUT,,Output Base Directory          ,Base directory for MicroStation output files. (_USTN_OUT),FALSE,FALSE,XM,Configuration,Microstation,,
_USTN_PROJECT,Directory      ,Project Configuration Files    ,Directory containing MicroStation project configuration files.  (_USTN_PROJECT),TRUE,FALSE,XM,Configuration,Microstation,,
_USTN_PROJECTDATA,Directory      ,Workspace Project Data Directory ,Directory containing project-specific data.  (_USTN_PROJECTDATA),TRUE,FALSE,XM,Configuration,Microstation,,
_USTN_PROJECTNAME,Directory      ,Base Project Name              ,MicroStation base project name.  (_USTN_PROJECTNAME),TRUE,FALSE,XM,Configuration,Microstation,,
_USTN_PROJECTSROOT,Keyword        ,Workspace Projects Directory   ,Directory containing project-specific sub-directories.  (_USTN_PROJECTSROOT),TRUE,FALSE,XM,Configuration,Microstation,,
_USTN_PROJECTSUBDIRS,Base Name      ,Project Subdirectories         ,List of subdirectories automatically created for a new project. (_USTN_PROJECTSUBDIRS),FALSE,FALSE,XM,Configuration,Microstation,,
_USTN_REQUIREDAPPS,,Required MDL Applications      ,List of MDL applications that are required to be loaded while MicroStation is running. (_USTN_REQUIREDAPPS),TRUE,FALSE,XM,Configuration,Microstation,,
_USTN_SITE,Filelist       ,Site Configuration Files       ,Directory containing MicroStation site configuration files.  (_USTN_SITE),TRUE,FALSE,XM,Configuration,Microstation,,
_USTN_SYSTEM,Keyword        ,System Configuration Files     ,Directory containing MicroStation system configuration files.  (_USTN_SYSTEM),TRUE,FALSE,XM,Configuration,Microstation,,
_USTN_SYSTEMROOT,Filelist,Workspace System Directory     ,Directory containing system workspace files.  (_USTN_SYSTEMROOT),TRUE,FALSE,XM,Configuration,Microstation,,
_USTN_USER,Search Path    ,User Configuration Files       ,Directory containing MicroStation user configuration files.  (_USTN_USER),TRUE,FALSE,XM,Configuration,Microstation,,
_USTN_USERCFG,Directory      ,User Configuration File        ,MicroStation user configuration file name.  (_USTN_USERCFG),TRUE,FALSE,XM,Configuration,Microstation,,
_USTN_USERDESCR,,User Description               ,Description of current user configuration.  (_USTN_USERDESCR),FALSE,FALSE,XM,Configuration,Microstation,,
_USTN_USERINT,Filename       ,Interface Base Data Dir        ,User interface data directory.  (_USTN_USERINT),TRUE,FALSE,XM,Configuration,Microstation,,
_USTN_USERINTNAME,Keyword        ,Interface Subdirectory         ,"Subdirectory under ""_USTN_USERINT"" that actually contains the user interface resource modification files. (_USTN_USERINTNAME)",TRUE,FALSE,XM,Configuration,Microstation,,
_USTN_USERINTROOT,Directory      ,Interface Root Dir             ,Root directory containing product-specific interface directories.  (_USTN_USERINTROOT),TRUE,FALSE,XM,Configuration,Microstation,,
_USTN_USERNAME,Directory      ,Base User Name                 ,MicroStation base user name.  (_USTN_USERNAME),TRUE,FALSE,XM,Configuration,Microstation,,
_USTN_WORKSPACEROOT,Directory      ,Workspace Root Directory       ,Root directory containing all workspace files.  (_USTN_WORKSPACEROOT),TRUE,FALSE,XM,Configuration,Microstation,,
_VERSION89,Base Name      ,Version Number                 ,Indicates that the current product's version number is 9.x. (_VERSION89),TRUE,FALSE,XM,Configuration,Microstation,,
_WINNT,Directory      ,Operating System               ,Set if operating system is Windows NT. (_winNT),TRUE,FALSE,XM,Configuration,Microstation,,
_WORKDIR,Keyword        ,Working Directory              ,Directory where MicroStation was started. (_WORKDIR),TRUE,FALSE,XM,Configuration,Microstation,,
MS_USERPREF_APPS,Filename       ,User Preference Applications   ,Set by application configuration files to add user preferences to standard dialogs. (MS_USERPREF_APPS),TRUE,FALSE,XM,Configuration,Microstation,,
MSDIR,Keyword        ,MicroStation Dir               ,The MicroStation root installation directory.  (MSDIR),TRUE,FALSE,XM,Configuration,Microstation,,
MSLOCAL,Keyword        ,MicroStation Dir (Local)       ,Specifies the base directory path for where the required writable portions (i.e. local for a network install) of MicroStation are installed.  (MSLOCAL),TRUE,FALSE,XM,Configuration,Microstation,,
MS_BSILOG_CONFIG_FILE,Filename       ,Logging config file            ,specifies the location of the file that controls and configures diagnostic logging. The default is $(MS_DATA)BSILOG.CONFIG.XML.,TRUE,TRUE,XM,Data Files,Microstation,,
MS_BSILOG_ENABLE,Boolean        ,Enable diagnostic logging      ,allows the logging of diagnostic messages.,TRUE,TRUE,XM,Data Files,Microstation,,
MS_CUSTOMSCALEDEF,Filename       ,Scales Definitions             ,Defines the location of the scales definition file that can be used when creating models.  (MS_CUSTOMSCALEDEF),FALSE,TRUE,XM,Data Files,Microstation,,
MS_CUSTOMSHEETSIZEDEF,,Sheet Size Definitions         ,Defines the location of the sheet sizes definition file that can be used when creating sheet models.  (MS_CUSTOMSHEETSIZEDEF),FALSE,TRUE,XM,Data Files,Microstation,,
MS_CUSTOMUNITDEF,Filename       ,Unit Definitions for Upgrading to V8 ,Defines the location of the unit definition file that can be used when upgrading pre-V8 files to V8 DGN files.  (MS_CUSTOMUNITDEF),FALSE,TRUE,XM,Data Files,Microstation,,
MS_DATETIMEFORMATS,Filename       ,Standard Date Time formats     ,provides the list of formats available for Date/Time fields in the Fields Editor.,FALSE,TRUE,XM,Data Files,Microstation,,
MS_HTMLDGNDIR,Search Path    ,HTML Template Directory        ,Directory containing template design files used by the HTML Author to generate cell images for HTML documents.  (MS_HTMLDGNDIR),FALSE,TRUE,XM,Data Files,Microstation,,
MS_REMAP_CSVFILE,Keyword        ,Remap CSV File                 ,If this configuration variable points to a remapping comma separated value (CSV) file  the remap filter defaults to that file for the remapping during the Save As operation. (MS_REMAP_CSVFILE),FALSE,TRUE,XM,Data Files,Microstation,,
MS_SETTINGS,Filename       ,Settings Resource              ,Current settings resource file.  (MS_SETTINGS),FALSE,TRUE,XM,Data Files,Microstation,,
MS_SETTINGSDIR,,Settings Directory             ,Directory containing settings resource files.  (MS_SETTINGSDIR),FALSE,TRUE,XM,Data Files,Microstation,,
MS_SETTINGSOUTDIR,Filename       ,Settings Output Directory      ,Directory used to create settings resource files.  (MS_SETTINGSOUTDIR),FALSE,TRUE,XM,Data Files,Microstation,,
MS_DBASE,Directory      ,Database Files                 ,Search Path(s) for database files.  (MS_DBASE),FALSE,TRUE,XM,Database,Microstation,,
MS_DBEXT,Filename       ,Database Server                ,The database server application.  (MS_DBEXT),FALSE,TRUE,XM,Database,Microstation,,
MS_LINKTYPE,Filelist       ,Database Linkages              ,WARNING: This configuration variable is reset by the database configuration files.  Changes should be made in the BUDBC.cfg  the ODBC.cfg  the OLEDB.cfg  or the Oracle.cfg files.  The variable is the User data linkage types recognized by the server.  The,FALSE,TRUE,XM,Database,Microstation,,
MS_ORACLE_HOME,Keyword        ,Oracle Home                    ,Path to the Oracle client files required for connecting to the database server.  If this variable is not set MicroStation will look at the system registry and path to determine the Oracle Home directory.  (MS_ORACLE_HOME),FALSE,TRUE,XM,Database,Microstation,,
MS_SERVER,,Server Loader                  ,MDL application to load the database server.  (MS_SERVER),FALSE,TRUE,XM,Database,Microstation,,
MS_UDLDIR,Keyword        ,Universal Data Link directory  ,Path to the directory storing the Universal Data Link files.  (MS_UDLDIR),FALSE,TRUE,XM,Database,Microstation,,
_DG_INSTANCEDATA_COMPRESS_LINKAGE,Search Path    ,,,FALSE,FALSE,XM,DataGroup System,Building Platform - TriForma,,
DG_CATALOGS_BYPASSVALIDATE,Boolean  ,DataGroup Catalog Files        ,"Disables Datagroup validation when opening the DG Catalog Editor 0=enable DG validation, 1=bypass DG validation. (DG_CATALOGS_BYPASSVALIDATE)",FALSE,TRUE,XM,DataGroup System,Building Platform - TriForma,,
DG_CATALOGS_PATH,Filename       ,DataGroup Catalog Files        ,Location of custom catalog types  catalog type extension files  catalog items  and custom catalog items. (DG_CATALOGS_PATH),FALSE,TRUE,XM,DataGroup System,Building Platform - TriForma,,
DG_DEFAULT_XSL_FILE,Directory      ,Default .XSL File              ,Location of the default XSL File. (DG_DEFAULT_XSL_FILE),FALSE,TRUE,XM,DataGroup System,Building Platform - TriForma,,
DG_DISPLAY_XSL_FILE,Search Path    ,Display .XSL File              ,Location of the style sheet file used to display XML reports. (DG_DISPLAY_XSL_FILE),FALSE,TRUE,XM,DataGroup System,Building Platform - TriForma,,
DG_DTS_MAPPINGFILEDIR,Search Path    ,,Mapping directory for DataGroup Transformation Utility section2,FALSE,TRUE,V8i,DataGroup System,Building Platform - TriForma,,
DG_PATH,Search Path    ,DataGroup System Files         ,Location of DataGroup System catalog types and DatGroup definition files. (DG_PATH),FALSE,TRUE,XM,DataGroup System,Building Platform - TriForma,,
DG_PRINT_XSL_FILE,Search Path    ,Print .XSL File                ,Location of the style sheet file used to print XML reports. (DG_PRINT_XSL_FILE),FALSE,TRUE,XM,DataGroup System,Building Platform - TriForma,,
DG_SAVEAS_HTML_XSL_FILE,Search Path    ,Save as HTML .XSL File         ,Location of the style sheet file used to save XML reports to HTML. (DG_SAVEAS_HTML_XSL_FILE),FALSE,TRUE,XM,DataGroup System,Building Platform - TriForma,,
DG_SCHEDULE_LAYOUT_PATH,Search Path    ,Schedule Layouts               ,Location of DataGroup System Schedule Layouts. (DG_SCHEDULE_LAYOUT_PATH),FALSE,TRUE,XM,DataGroup System,Building Platform - TriForma,,
DG_SCHEDULES_DIR,Search Path    ,Report Output Directory        ,Location of DataGroup System Output Reports. (DG_SCHEDULES_DIR),FALSE,TRUE,XM,DataGroup System,Building Platform - TriForma,,
DG_UDL_PATH,Search Path    ,UDL Files                      ,Location of Universal Data Link files. (DG_UDL_PATH),FALSE,TRUE,XM,DataGroup System,Building Platform - TriForma,,
MS_DESIGN_HISTORY,,Design History capabilities    ,Valid keywords: create  delete  commit  browse  tag  changedesc  changeauthor  combine  retire  setrevisionformat  setversion  autoupgrade. Set keyword=1 to enable or 0 to disable. Separate multiple settings by ';',FALSE,FALSE,XM,Design History,Microstation,,
MS_DESIGN_HISTORY_COLORS,,Colors                         ,- values have changed. Specifies the symbology to use when identifying changed and unchanged elements. The value must be a list of up to six symbology descriptors  in the following order: added; deleted; changed; pre-changed; conflicts; background. A sym,FALSE,TRUE,XM,Design History,Microstation,,
MS_DESIGN_HISTORY_COMMIT_DOC_PROPERTIES,Keyword        ,Include document properties in design history? ,if this variable is set to 1 (the default)  design history tracks changes to document properties such as Title  Author and Comment.,FALSE,TRUE,XM,Design History,Microstation,,
MS_DESIGN_HISTORY_COMMIT_ON_CLOSE,NONE           ,Commit before close            ,Specifies if changes should be committed to design history before closing the file. Possible values:,FALSE,TRUE,XM,Design History,Microstation,,
MS_DESIGN_HISTORY_COMMIT_ON_MODEL_SWITCH,Boolean        ,Commit on model switch         ,specifies whether changes are committed to Design History when the model is switched.,FALSE,TRUE,XM,Design History,Microstation,,
MS_DESIGN_HISTORY_COMMIT_ON_SAVE,NONE           ,Commit on save                 ,Specifies if the File>Save (^S) command should commit changes to design history. Possible values: ,FALSE,TRUE,XM,Design History,Microstation,,
MS_DESIGN_HISTORY_OWNERSHIP_WARNING,Boolean        ,Confirm when taking ownership  ,Specifies if the user should be prompted to confirm when opening a file that contains changes made by another user and not yet committed. Possible values: ,FALSE,TRUE,XM,Design History,Microstation,,
MS_DESIGN_HISTORY_REVISION_NUMBER_FORMAT,Boolean        ,Revision number display format ,Specifies the how to display a revision number. The syntax is:,FALSE,FALSE,XM,Design History,Microstation,,
MS_DGNAPPS,,Design File Applications       ,List of all design file MDL Applications. (MS_DGNAPPS),FALSE,TRUE,XM,DGNAPPS,Microstation,,
CAPABILITY_DIMENSION_ALT_LABEL,Capability,,Allow alternate labeling,FALSE,FALSE,XM,Dimension- Capability,Microstation,,
CAPABILITY_DIMENSION_ARBITARY,Capability,,"Align dimension at ""arbitrary"" position",FALSE,FALSE,XM,Dimension- Capability,Microstation,,
CAPABILITY_DIMENSION_ARC_ABOVE,Capability,,Allow arc symbol above an angular text display,FALSE,FALSE,XM,Dimension- Capability,Microstation,,
CAPABILITY_DIMENSION_ARC_LENGTH,Capability,,Allow arc-length format for angular dimension,FALSE,FALSE,XM,Dimension- Capability,Microstation,,
CAPABILITY_DIMENSION_BALLNCHAIN,Capability,,"Allow ball&chain ""ON"" mode  curve type and all terminators",FALSE,FALSE,XM,Dimension- Capability,Microstation,,
CAPABILITY_DIMENSION_CAPSULE_FRAME,Capability,,Allow use of capsule frame around dimension text,FALSE,FALSE,XM,Dimension- Capability,Microstation,,
CAPABILITY_DIMENSION_CELLTERM_HEIGHT,Capability,,Allow cell terminator to have different width and height,FALSE,FALSE,XM,Dimension- Capability,Microstation,,
CAPABILITY_DIMENSION_CUSTOM_PREFIX,Capability,,Allow overall custom prefix and suffixes,FALSE,FALSE,XM,Dimension- Capability,Microstation,,
CAPABILITY_DIMENSION_CUSTOM_SYMBOLS,Capability,,Allow custom diameter and plus/minus symbols,FALSE,FALSE,XM,Dimension- Capability,Microstation,,
CAPABILITY_DIMENSION_DIMLINE_LEVEL,Capability,,Place dimension lines on selected levels,FALSE,FALSE,XM,Dimension- Capability,Microstation,,
CAPABILITY_DIMENSION_FONT,Capability,,Allow both font and text style options. when turned off  only style is used.,FALSE,FALSE,XM,Dimension- Capability,Microstation,,
CAPABILITY_DIMENSION_FRACTION_SCALE,Capability,,allows stack fraction scale to differ from tolerance text size scale.,FALSE,FALSE,XM,Dimension- Capability,Microstation,,
CAPABILITY_DIMENSION_INCLINED_FIT,Capability,,only depend on min. leader in fit check  do not check text size for inclined dimensions.,FALSE,FALSE,XM,Dimension- Capability,Microstation,,
CAPABILITY_DIMENSION_LSTYLE_OVERRIDE,Capability,,Allow linestyle overrides on components,FALSE,FALSE,XM,Dimension- Capability,Microstation,,
CAPABILITY_DIMENSION_METRIC_FORMAT,Capability,,Unit separation at thousandth and millionth,FALSE,FALSE,XM,Dimension- Capability,Microstation,,
CAPABILITY_DIMENSION_MINIMUM_LEADER,Capability,,Allow change of minimum leader beyond terminator,FALSE,FALSE,XM,Dimension- Capability,Microstation,,
CAPABILITY_DIMENSION_NEG_EXTOFFSET,Capability,,Allow negative value for extension line offset,FALSE,FALSE,XM,Dimension- Capability,Microstation,,
CAPABILITY_DIMENSION_NOSTYLE,Capability,,Use none-style as active dimension style,FALSE,FALSE,XM,Dimension- Capability,Microstation,,
CAPABILITY_DIMENSION_SECONDARY_ZEROS,Capability,,Separate leading/trailing zeros for secondary dimension,FALSE,FALSE,XM,Dimension- Capability,Microstation,,
CAPABILITY_DIMENSION_TERM_ATTRIBS,Capability,,Terminator symbology,FALSE,FALSE,XM,Dimension- Capability,Microstation,,
CAPABILITY_DIMENSION_TERM_FIRST,Capability,,First terminator type for consecutive dimension,FALSE,FALSE,XM,Dimension- Capability,Microstation,,
CAPABILITY_DIMENSION_TERM_JOINT,Capability,,Joint terminator type for consecutive dimension,FALSE,FALSE,XM,Dimension- Capability,Microstation,,
CAPABILITY_DIMENSION_TERM_SIDES,Capability,,Allow terminator to be inside/outside/reversed,FALSE,FALSE,XM,Dimension- Capability,Microstation,,
CAPABILITY_DIMENSION_TERM_SYMBOL,Capability,,Terminator character symbol,FALSE,FALSE,XM,Dimension- Capability,Microstation,,
CAPABILITY_DIMENSION_TEXT_HEIGHT_SCALE,Capability,,allows text height and annotation scale overrides when text style has none zero text height.,FALSE,FALSE,XM,Dimension- Capability,Microstation,,
CAPABILITY_DIMENSION_TEXT_JUSTIFICATION,Capability,,"allows text justification  (dwg only has ""center > Right"").",FALSE,FALSE,XM,Dimension- Capability,Microstation,,
CAPABILITY_DIMENSION_TEXT_MARGIN,Capability,,Use separate text margins for left of and above dimension line,FALSE,FALSE,XM,Dimension- Capability,Microstation,,
CAPABILITY_DIMENSION_TEXT_WEIGHT,Capability,,Allow specifying dimension text weight,FALSE,FALSE,XM,Dimension- Capability,Microstation,,
CAPABILITY_DIMENSION_TEXT_WIDTH,Capability,,Allow text width override.,FALSE,FALSE,XM,Dimension- Capability,Microstation,,
CAPABILITY_DIMENSION_TOL_MARGINS,Capability,,allows dimension tolerance text to set left and lower margins.,FALSE,FALSE,XM,Dimension- Capability,Microstation,,
CAPABILITY_DIMENSION_UNDERLINE_TEXT,Capability,,Allow underlined text for dimension,FALSE,FALSE,XM,Dimension- Capability,Microstation,,
CAPABILITY_DIMENSION_UNIT_FORMAT,Capability,,Allow to change master units format,FALSE,FALSE,XM,Dimension- Capability,Microstation,,
CAPABILITY_DIMENSION_UNIT_LABEL,Capability,,Allow master units labels,FALSE,FALSE,XM,Dimension- Capability,Microstation,,
CAPABILITY_DIMENSION_USE_MINLEADER,Capability,,always apply user minimum leader to fitting checks.,FALSE,FALSE,XM,Dimension- Capability,Microstation,,
CAPABILITY_DIMENSION_WIDEFIT_TEXTABOVE,Capability,,text above dimension line has the same fitting space as text inline.,FALSE,FALSE,XM,Dimension- Capability,Microstation,,
CAPABILITY_DIMENSION_WORKING_UNITS,Capability,,allows use of working units.,FALSE,FALSE,XM,Dimension- Capability,Microstation,,
CAPABILITY_DIMSTYLE_REQUIRESTANDARD,Capability,,If TRUE  style STANDARD or the last named style can not be deleted,FALSE,FALSE,XM,Dimension- Capability,Microstation,,
CAPABILITY_DWGINCOMPATIBLE_LINESTYLES,Capability,,Allow import of linestyles which are not compatible with DWG,FALSE,FALSE,XM,DWG/DXF,Microstation,,
CAPABILITY_TEXTSTYLE_STYLE_DWGSETTINGS,Capability,,Allow the text style editor to show the style settings used by dwg styles,FALSE,FALSE,XM,DWG/DXF,Microstation,,
MS_DWG_2D_UNFILLED_3OR4SIDED_SHAPE,,,must be entered as “Face” Entity.,FALSE,FALSE,XM,DWG/DXF,Microstation,,
MS_DWG_2D_UNFILLED_5ORMORESIDED_SHAPE,,,converts 2D unfilled polygons to polyline  polyface mesh  or region entities. Valid values are “Region” Entity  Polyface Mesh  or Polyline.,FALSE,FALSE,XM,DWG/DXF,Microstation,,
MS_DWG_2D_UNFILLED_COMPLEX_SHAPE,,,converts 2D unfilled complex shapes to polyline  polyface mesh  or region entities. Valid values are “Region” Entity  Polyface Mesh  or Polyline.,FALSE,FALSE,XM,DWG/DXF,Microstation,,
MS_DWG_2D_UNFILLED_GROUPHOLE,,,converts 2D unfilled group hole elements to polyface mesh or region entities. Valid values are “Region” Entity  or Polyface Mesh.,FALSE,FALSE,XM,DWG/DXF,Microstation,,
MS_DWG_3D_UNFILLED_3OR4SIDED_SHAPE,,,converts 3D unfilled triangles and quadrangles to polyline  face  polyface mesh  or region entities. Valid values are “Face” Entity  “Region” Entity  Polyface Mesh  or Polyline.,FALSE,FALSE,XM,DWG/DXF,Microstation,,
MS_DWG_3D_UNFILLED_5ORMORESIDED_SHAPE,,,converts 3D unfilled polygons to polyline  polyface mesh  or region entities. Valid values are “Region” Entity  Polyface Mesh  or Polyline.,FALSE,FALSE,XM,DWG/DXF,Microstation,,
MS_DWG_3D_UNFILLED_COMPLEX_SHAPE,,,converts 3D unfilled complex shapes to polyline  polyface mesh  or region entities. Valid values are “Region” Entity  Polyface Mesh  or Polyline.,FALSE,FALSE,XM,DWG/DXF,Microstation,,
MS_DWG_3D_UNFILLED_GROUPHOLE,,,converts 3D unfilled group hole elements to polyface mesh or region entities. Valid values are “Region” Entity  or Polyface Mesh.,FALSE,FALSE,XM,DWG/DXF,Microstation,,
MS_DWG_ACS_TO_UCS,,,converts ACS to UCS. Valid values are ON  or no value  or OFF.,FALSE,FALSE,XM,DWG/DXF,Microstation,,
MS_DWG_ALERT_DEC_FRC_SCI_UNITS,,,When a DWG file is opened  an alert dialog opens to warn that Decimal/Fractional/Scientific units are not set to design center units. Valid values are ON  or no value  or OFF.,FALSE,FALSE,XM,DWG/DXF,Microstation,,
MS_DWG_ALERT_DESIGNCENTER_UNITS,,,When a DWG file is opened  an alert dialog opens to warn that design center units are not set to a specific unit. Valid values are ON  or no value  or OFF.,FALSE,FALSE,XM,DWG/DXF,Microstation,,
MS_DWG_ALERT_ENG_ARCH_UNITS,,,When a DWG file is opened  an alert dialog opens to warn that architectural/engineering units are not set to inches. Valid values are ON  or no value  or OFF.,FALSE,FALSE,XM,DWG/DXF,Microstation,,
MS_DWG_ARCH_ENG_UNITS,,,sets units to open DWG files that use architectural or engineering units. Valid values are master units  sub units  design center units  or a unit defined in units.def.,FALSE,FALSE,XM,DWG/DXF,Microstation,,
MS_DWG_AXISLOCK_FROM_ORTHOMODE,,,If DWG ORTHOMODE=1  this sets the axis lock. Valid values are ON  or no value  or OFF.,FALSE,FALSE,XM,DWG/DXF,Microstation,,
MS_DWG_BACKUP,,Directory for DWG backup files. ,Directory for DWG backup (.bak) files.  If not set they will be placed in the same directory as the DWG file (MS_DWG_BACKUP),FALSE,FALSE,XM,DWG/DXF,Microstation,,
MS_DWG_BLOCKDEF_ON_LAYER0,,,saves the block definitions on layer “0.” Valid values are ON  or no value  or OFF.,FALSE,FALSE,XM,DWG/DXF,Microstation,,
MS_DWG_BLOCKNAMES_FROM_TRIFORMA_PARTS,Directory      ,,sets the block names from Building Designer parts. Valid values are ON  or no value  or OFF.,FALSE,FALSE,XM,DWG/DXF,Microstation,,
MS_DWG_BYBLOCK_COLOR,,,sets the block definitions to use the color BYBLOCK. Valid values are ON  or no value  or OFF.,FALSE,FALSE,XM,DWG/DXF,Microstation,,
MS_DWG_BYBLOCK_LINETYPE,,,sets the block definitions to use line type BYBLOCK. Valid values are ON  or no value  or OFF.,FALSE,FALSE,XM,DWG/DXF,Microstation,,
MS_DWG_BYBLOCK_WEIGHT,,,sets the block definitions to use line weight BYBLOCK. Valid values are ON  or no value  or OFF.,FALSE,FALSE,XM,DWG/DXF,Microstation,,
MS_DWG_CONSTRUCTION_CLASS,,,sets the elements of the construction class to “Construction” layer  “Defpoints” layer  element’s own layer  invisible  or omits them. Valid values are Save To “Construction” Layer  Save To “Defpoints” Layer  Save  Save As Invisible  or Omit.,FALSE,FALSE,XM,DWG/DXF,Microstation,,
MS_DWG_CONVERT_RSC_FONTS,Keyword        ,,converts and creates SHX files from RSC fonts. Valid values are ON  or no value  or OFF.,FALSE,FALSE,XM,DWG/DXF,Microstation,,
MS_DWG_CREATE_SEPARATE_SHEETS,,,When a DGN file containing sheet models is saved to DWG  the sheets are usually saved to separate layouts within the DWG file. If this variable is set  the sheets are saved to separate DWG files with the file name created by appending the model name to th,FALSE,FALSE,XM,DWG/DXF,Microstation,,
MS_DWG_CREATE_SEPERATE_SHEETS,,,,FALSE,FALSE,XM,DWG/DXF,Microstation,,
MS_DWG_CREATE_SPACE_FROM_EDF,,,is set to 1  any empty data field remains as a space.,FALSE,FALSE,XM,DWG/DXF,Microstation,,
MS_DWG_CURVED_SOLIDSURFACE,,,converts curved solids and surfaces to wireframe  polyface mesh or ACIS entities. Valid values are wireframe  polyface mesh  or ACIS entity.,FALSE,FALSE,XM,DWG/DXF,Microstation,,
MS_DWG_CURVES,,,converts curves to spline curves or polyline curves. Valid values are spline entity  or polyline.,FALSE,FALSE,XM,DWG/DXF,Microstation,,
MS_DWG_DEC_FRC_SCI_UNITS,,,sets the units to open DWG files that use Decimal  Fraction or Scientific units. Valid values are master units  sub units  design center units  or a unit defined in units.def.,FALSE,FALSE,XM,DWG/DXF,Microstation,,
MS_DWG_DESIGNBACKGROUND_COLOR,,,sets the background color for the default design model. Valid values are Red  Green  or Blue  where each of the three color indices is an integer between 0 and 255.,FALSE,FALSE,XM,DWG/DXF,Microstation,,
MS_DWG_DESIGNCENTER_UNITS,,,sets units to open DWG files that use design center units.  Valid values are master units  sub units  or a unit defined in units.def.,FALSE,FALSE,XM,DWG/DXF,Microstation,,
MS_DWG_DISCARD_INVALID,,,is set  entities that are outside the DGN design plane are discarded and will not be written back to the DWG file on the next file save. If the variable is not set  MicroStation ignores these entities. Typically these entities are not valid and will cause,FALSE,FALSE,XM,DWG/DXF,Microstation,,
MS_DWG_DROP_LABELLINES,,,When present  a label line dimension will be dropped to single line text when saved to DWG. By default  a label line will become an mtext. If a label line's text positions are important  dropping them to a single line may be desired. Set this variable to ,FALSE,FALSE,XM,DWG/DXF,Microstation,,
MS_DWG_DROP_UNSUPPORTED_LS,,,drops line styles that are not supported by the DWG file format. The most possible custom line styles DWG format allows are those with characters in them. Any other types are incompatible. Valid values are ON  or no value  or OFF.,FALSE,FALSE,XM,DWG/DXF,Microstation,,
MS_DWG_EMPTY_EDF_TO_SPACE,,,converts blank enter data fields to spaces. Valid values are ON  or no value  or OFF.,FALSE,FALSE,XM,DWG/DXF,Microstation,,
MS_DWG_FARREFDEPENDENCY,,,If set to 0 (the default)  DWG named groups work as they do in DWG  that is  elements from a reference file are not supported by group. This is a DWG limitation. If set to 1  you can work around that limitation  that is  elements in reference files can be,FALSE,FALSE,XM,DWG/DXF,Microstation,,
MS_DWG_FILE_CODEPAGE,,,sets the DWG file codepage. Valid values are 1252 (English)  1251 (Cyrillic)  1253 (Greek)  1254 (Turkish)  1255 (Hebrew)  1256 (Arabic)  1257 (Baltic)  1258 (Vietnam)  874 (Thai)  932 (Japanese)  936 (Simplified Chinese)  949 (Korean)  or 950 (Traditiona,FALSE,FALSE,XM,DWG/DXF,Microstation,,
MS_DWG_FILLED_3OR4SIDED_SHAPE,Keyword        ,,converts filled triangles and quadrangles to solid  polyface mesh  region or hatch entities. Valid values are “Solid” Entity  “Region” Entity  “Hatch” Entity  or Polyface Mesh.,FALSE,FALSE,XM,DWG/DXF,Microstation,,
MS_DWG_FILLED_5ORMORESIDED_SHAPE,,,converts filled polygons to polyface mesh  region or hatch entities. Valid values are “Region” Entity  “Hatch” Entity  or Polyface Mesh.,FALSE,FALSE,XM,DWG/DXF,Microstation,,
MS_DWG_FILLED_COMPLEX_SHAPE,,,converts filled complex shapes to polyline  region or hatch entities. Valid values are “Region” Entity  “Hatch” Entity  or Polyline.,FALSE,FALSE,XM,DWG/DXF,Microstation,,
MS_DWG_FLAT_SOLIDSURFACE,,,converts flat solids and surfaces to wireframe  polyface mesh or ACIS entities. Valid values are wireframe  polyface mesh  or ACIS entity.,FALSE,FALSE,XM,DWG/DXF,Microstation,,
MS_DWG_FORCE_POSITIVE_ARCS,,,changes arcs clockwise orientation to counter clockwise.  Valid values are ON  or no value  or OFF.,FALSE,FALSE,XM,DWG/DXF,Microstation,,
MS_DWG_FORCE_ZERO_ZCOORDINATE,,,sets the z-coordinate of an element to have a zero value. Valid values are ON  or no value  or OFF.,FALSE,FALSE,XM,DWG/DXF,Microstation,,
MS_DWG_FOREGROUNDCOLOR255RGB,,,Sets the RGB value to display DWG color index 255 as the foreground color  with red  green  and blue values separated by commas. For example  setting MS_DWG_FOREGROUNDCOLOR255RGB=255 255 255 will display DWG index color 255 as white. If this configuration,FALSE,FALSE,XM,DWG/DXF,Microstation,,
MS_DWG_GRAPHIC_GROUP_ATTRIBUTES,,,sets blocks to graphic groups. It puts shared cell and attached tags into a graphic group. Valid values are ON  or no value  or OFF.,FALSE,FALSE,XM,DWG/DXF,Microstation,,
MS_DWG_HLINK_AS_ELINK,,,converts hyperlinks to engineering links instead of design links.  Valid values are ON  or no value  or OFF.,FALSE,FALSE,XM,DWG/DXF,Microstation,,
MS_DWG_INDEXCOLOR_TO_TRUECOLOR,,,converts index color to true color. Valid values are ON  or no value  or OFF.  If MS_DWG_LEADER_HOOKLINE is set  an inline elbow displays on notes that did not have an elbow when first created.  MicroStation allows a note to be placed without an inline el,FALSE,FALSE,XM,DWG/DXF,Microstation,,
MS_DWG_LEVEL_DISPLAY,,,sets the view number from which the level display will be used for the layer´s on/off status. Valid values is a number from 0 through 8.,FALSE,FALSE,XM,DWG/DXF,Microstation,,
MS_DWG_LEVELDISP_FOR_VPORTFREEZE,,,saves the level display status per view to viewport layer thaw/freeze status. Valid values are ON  or no value  or OFF.,FALSE,FALSE,XM,DWG/DXF,Microstation,,
MS_DWG_LEVELSYMBOLOGY_OVERRIDE,,,overrides the element symbology from the level symbology. Valid values are ON  or no value  or OFF.,FALSE,FALSE,XM,DWG/DXF,Microstation,,
MS_DWG_LINEARPATTERN_CLASS,,,sets the elements of the linear pattern class to “Linear Patterned” layer  “Defpoints” layer  an element's own layer  invisible  or omits them. Valid values are Save To “Linear Patterned” Layer  Save To “Defpoints” Layer  Save  Save As Invisible  or Omit.,FALSE,FALSE,XM,DWG/DXF,Microstation,,
MS_DWG_LINECODE_SCALE,,,scales the line code. Valid value is a positive real number.,FALSE,FALSE,XM,DWG/DXF,Microstation,,
MS_DWG_LINEWEIGHT_MAPPING,,,maps DWG line weights to DGN line weights. Valid values are 0=DWG weight1; 1=DWG weight2; 2=DWG weight3; and so forth to 31=DWG weight31  where DWG weights are the DWG line weight values in millimeters  for example  0.0  0.13  2.11.,FALSE,FALSE,XM,DWG/DXF,Microstation,,
MS_DWG_LOGICALNAME_TO_XREFNAME,,,saves the reference attachment logical name as the block name of an Xref file. Valid values are ON  or no value  or OFF.,FALSE,FALSE,XM,DWG/DXF,Microstation,,
MS_DWG_LSTYLE_FONTNAME,,,determines the name of the font file  and so  the name of the font.,FALSE,FALSE,XM,DWG/DXF,Microstation,,
MS_DWG_LSTYLE_FONTPATH,,,determines the location of the font file.,FALSE,FALSE,XM,DWG/DXF,Microstation,,
MS_DWG_LWDEFAULT,,,controls the width of the default line weight and is analogous to the AutoCAD registry variable LWDEFAULT. The default value is 0 for unweighted default lines. Valid LWDEFAULT values are From AutoCAD Registry  0.00 mm  0.05 mm  0.09 mm  0.13 mm  0.15 mm  ,FALSE,FALSE,XM,DWG/DXF,Microstation,,
MS_DWG_MAX_ORPHANTAGS_PERSET,,,set the maximum number of tags per tagset for “orphan tags.” An orphan tag is an attribute definition that is never instantiated in a block as it should in a DWG file. When opening a DWG file  all such “dangling” attribute definitions are collected into a,FALSE,FALSE,XM,DWG/DXF,Microstation,,
MS_DWG_MODELSPACE,,,sets the model space to 2D or 3D. Valid values are 2D or 3D.,FALSE,FALSE,XM,DWG/DXF,Microstation,,
MS_DWG_NONDEF_DESIGNMODEL_ATTACHMENTS,,,merges the attachments of a non-default design model or merges them as block references. Valid values are merge  merge to cell  or omit.,FALSE,FALSE,XM,DWG/DXF,Microstation,,
MS_DWG_NONDEFAULT_DESIGNMODEL,,,saves non-default design models to separate files  layout models (paper space)  or ignore them if their attachments are not merged. Valid values are Create Separate Files  Create Paper Space  or Ignore If Not Merged.,FALSE,FALSE,XM,DWG/DXF,Microstation,,
MS_DWG_NONPLANAR_POLYLINES,,,converts a nearly planar line string to a 2D or 3D polyline. A nearly planar line string is strictly non-planar  but its vertex deviation is small enough to be treated as planar such that it is allowed to become a 2D polyline. Valid values are ON  or no v,FALSE,FALSE,XM,DWG/DXF,Microstation,,
MS_DWG_OBJECT_APP,,,Lists Object Enabler MDL applications to be loaded. It is currently set to use applications that enable Architectural Desktop and AutoPlant objects (AdtDirectApp and RebisDirectapp). You should not change this setting.,FALSE,FALSE,XM,DWG/DXF,Microstation,,
MS_DWG_OBJECT_DRX,,,is the location of DWG Object libraries.,FALSE,FALSE,XM,DWG/DXF,Microstation,,
MS_DWG_ONE_BLOCK_FOR_DUP_CELLS,,,creates one block definition for all type-2 cells that are found to be the same. Valid values are ON  or no value  or OFF.,FALSE,FALSE,XM,DWG/DXF,Microstation,,
MS_DWG_OVERLAY_FOR_REFERENCES,,,creates overlays for reference attachments (no live nesting). Valid values are ON  or no value  or OFF.,FALSE,FALSE,XM,DWG/DXF,Microstation,,
MS_DWG_OVERRIDE_LINETYPE_DEFS,,,,FALSE,FALSE,XM,DWG/DXF,Microstation,,
MS_DWG_PAPERSPACE,,,sets the paper space to 2D or 3D. Valid values are 2D or 3D.,FALSE,FALSE,XM,DWG/DXF,Microstation,,
MS_DWG_PATTERN_CLASS,,,sets elements of pattern class to “Pattern” layer  “Defpoints” layer  element's own layer  invisible  or omits them. Valid values are Save To “Pattern” Layer  Save To “Defpoints” Layer  Save  Save As Invisible  or Omit.,FALSE,FALSE,XM,DWG/DXF,Microstation,,
MS_DWG_PFACE_MESH_ANGLE,,,sets an angular tolerance for polyface mesh conversion.  Valid value is a real value in degrees between 0 and 90.,FALSE,FALSE,XM,DWG/DXF,Microstation,,
MS_DWG_PLANARPOLYLINES,,,converts a planar line string to a 2D or 3D polyline. A planar line string has all its vertices lined up to form a unique plane. They do not have to be on an orthogonal plane; they can be on any plane in space. Valid values are 3D Polyline or Polyline.,FALSE,FALSE,XM,DWG/DXF,Microstation,,
MS_DWG_PRE2004_COLOR_TABLE,Filename       ,,Sets the color table for DWG files in MicroStation. In version 2004  AutoCAD began displaying indexed colors with a slightly different (generally lighter) colors. MicroStation also uses these new colors unless this variable is set.,FALSE,FALSE,XM,DWG/DXF,Microstation,,
MS_DWG_PROXY_VIEW,,,sets a view to be displayed for a multi-view proxy. Valid values are top  front  left and isometric.,FALSE,FALSE,XM,DWG/DXF,Microstation,,
MS_DWG_PROXYSHOW,,,controls the display of proxy objects within a DWG drawing. It is like the AutoCAD registry setting PROXYSHOW. Valid values are From AutoCAD Registry  Do Not Show Proxy  Show Proxy Image  or Show Proxy Box. An alternative is an integer value such as 0  sh,FALSE,FALSE,XM,DWG/DXF,Microstation,,
MS_DWG_REFERENCE_CONVERT,,,converts reference files to DWG files. Valid values are ON  or no value  or OFF.,FALSE,FALSE,XM,DWG/DXF,Microstation,,
MS_DWG_REFERENCE_COPYLEVEL,,,sets the conditions to copy reference levels during merge. You can choose only if they are not in the target file  if they are overridden  or always copy. Valid values are If Not Found  If Overrides Exist  or Always.,FALSE,FALSE,XM,DWG/DXF,Microstation,,
MS_DWG_REFERENCE_COPYNESTED,,,copies live nested reference attachments to the target file when merging. Valid values are ON  or no value  or OFF.,FALSE,FALSE,XM,DWG/DXF,Microstation,,
MS_DWG_REFERENCE_EXTERNAL,,,saves external reference file attachments to be an Xref attachment (retained)  merged  merged as a block  or omitted. Valid values are retain  merge  merge to cell  or omit.,FALSE,FALSE,XM,DWG/DXF,Microstation,,
MS_DWG_REFERENCE_MASKED,,,saves masked reference file attachments to be an Xref attachment (retained)  merged  merged as a block  or omitted. Valid values are retain  merge  merge to cell  or omit.,FALSE,FALSE,XM,DWG/DXF,Microstation,,
MS_DWG_REFERENCE_MERGE_DISPLAYEDLEVELSONLY,,,merges reference levels only if they are displayed. Valid values are ON  or no value  or OFF.,FALSE,FALSE,XM,DWG/DXF,Microstation,,
MS_DWG_REFERENCE_OPTIMIZEDCLIP,,,optimizes reference clipping when merged. Valid values are ON  or no value  or OFF.,FALSE,FALSE,XM,DWG/DXF,Microstation,,
MS_DWG_REFERENCE_SELF,,,saves self-referenced file attachments to be an Xref attachment (retained)  merged  merged as a block  or omitted. Valid values are retain  merge  merge to cell  or omit.,FALSE,FALSE,XM,DWG/DXF,Microstation,,
MS_DWG_RENDER_LIGHTSOURCE_OPEN,,,sets the light source to use for rendering. Valid values are ON  or no value  or OFF.,FALSE,FALSE,XM,DWG/DXF,Microstation,,
MS_DWG_RENDER_LIGHTSOURCE_SAVE,,,saves rendering light sources. Valid values are ON  or no value  or OFF.,FALSE,FALSE,XM,DWG/DXF,Microstation,,
MS_DWG_RENDER_MATERIAL_OPEN,,,sets the materials to use for rendering. Valid values are ON  or no value  or OFF.,FALSE,FALSE,XM,DWG/DXF,Microstation,,
MS_DWG_RENDER_MATERIAL_SAVE,,,saves rendering materials. Valid values are ON  or no value  or OFF.,FALSE,FALSE,XM,DWG/DXF,Microstation,,
MS_DWG_SAVE_DIMENSION_SETTINGS,,,saves active dimension settings  such as the one listed as Style-none in dimension style dialog. Valid values are ON  or no value  or OFF.,FALSE,FALSE,XM,DWG/DXF,Microstation,,
MS_DWG_SAVE_FILE_SETTINGS,,,saves file settings such that non-DWG settings can round-trip back. Valid values are ON  or no value  or OFF.,FALSE,FALSE,XM,DWG/DXF,Microstation,,
MS_DWG_SAVE_FRONTBACK_CLIPS,,,saves front-back clippings. Valid values are ON  or no value  or OFF.,FALSE,FALSE,XM,DWG/DXF,Microstation,,
MS_DWG_SAVE_REFERENCE_PATH,,,defines whether  or how  to save paths for reference attachments. Valid values are When saving to same directory  Relative to Master File  or Never.,FALSE,FALSE,XM,DWG/DXF,Microstation,,
MS_DWG_SAVE_UNITS,,,sets the file units to be saved. Valid values are Master Units  Sub Units  Arch./Engineering  or a unit defined in units.def.,FALSE,FALSE,XM,DWG/DXF,Microstation,,
MS_DWG_SCALE_BLOCKS,,,scales the block definitions. Valid values are ON  or no value  or OFF.,FALSE,FALSE,XM,DWG/DXF,Microstation,,
MS_DWG_SHEETBACKGROUND_COLOR,,,sets the background color for sheet models. Valid values are Red  Green  Blue  where each of these color values is an integer between 0 and 255.,FALSE,FALSE,XM,DWG/DXF,Microstation,,
MS_DWG_SHX_OUTPUT_PATH,,,sets the path to place converted SHX files. Valid value is a path or folder name.,FALSE,FALSE,XM,DWG/DXF,Microstation,,
MS_DWG_SOURCEVIEWGROUP,,,Used to specify a view group name  rather than using the active view group  to save the level display on/off status per view to DWG's global layer display. Because DWG does not support per-view level display  if multiple view groups (for example  the defa,FALSE,FALSE,XM,DWG/DXF,Microstation,,
MS_DWG_TEXTSTYLE_NAME_TEMPLATE,,,sets a text string template to convert text style name. Valid value is a text string that may contain a place holder %s for the font name.,FALSE,FALSE,XM,DWG/DXF,Microstation,,
MS_DWG_VERSION,,,sets DWG version to be saved. Valid values are 11  12 13  14  2000  2000i  2002  2004  2005  2006  2007  2008.,FALSE,FALSE,XM,DWG/DXF,Microstation,,
MS_DWG_VPORT_LAYER_FROM_CLIP,,,sets the layer of viewport entity from the clipping element.  Viewport entities are represented as reference attachments in MicroStation. The viewport level is extracted from the reference attachment. If no level is set for the reference attachment then  ,FALSE,FALSE,XM,DWG/DXF,Microstation,,
MS_DWG_VPORT_MAP_LOCATE_OFF_TO_LOCKED,,,If set  the Display locked status of a viewport entity is mapped to the Locate setting of the reference attachments that represent this viewport. In this case  a viewport with Display locked off will have Locate turned off – and changing the Locate status,FALSE,FALSE,XM,DWG/DXF,Microstation,,
MS_DWGAUTOSAVE,,DWG/DXF File Auto-Save         ,Determines the frequency  in seconds  of the auto-save timer for DWG and DXF format files. For example  if set to 300 (the default)  an auto-save will occur aproximately 5 minutes after the first change to the design. The minimum value is 30 seconds. (MS,FALSE,FALSE,XM,DWG/DXF,Microstation,,
MS_DWGAUTOSAVE_NODIALOG,,DWG/DXF Auto-Save Dialog       ,DWG and DXF format files take far longer than V8 format design files to save. Therefore  by default MicroStation displays a dialog box allowing the user to defer the auto-save operation.  If this configuration variable is set  this dialog box is skipped ,FALSE,FALSE,XM,DWG/DXF,Microstation,,
MS_DWGINSERTLAYER,Directory      ,,specifies the layer to which normal (unshared) cells and reference attachments are assigned when saving the open DGN file in DWG format. If this configuration variable is not defined  layer 0 is used. Valid values are ON  or no value  and OFF.,FALSE,FALSE,XM,DWG/DXF,Microstation,,
MS_DWGPATFILE,Directory      ,,Defines the full path file name that contains AutoCAD pattern definitions.,FALSE,FALSE,XM,DWG/DXF,Microstation,,
MS_DWGSAVEAPPLICATIONDATA,,,says linkage data and type 66 application elements can be saved from DGN to DWG. If set  the applications are stored as XRECORDS and the linkages as XDATA.Valid values are ON  or no value  and OFF. The default is off.,FALSE,FALSE,XM,DWG/DXF,Microstation,,
MS_NO_DWG_BACKUP,Keyword        ,Turn off DWG .bak files        ,If set  .bak files will not be created when a DWG or DXF file is editted (MS_NO_DWG_BACKUP),FALSE,FALSE,XM,DWG/DXF,Microstation,,
CAPABILITY_REFERENCE_DWG,Capability,,Allow DWG format references to be attached,FALSE,FALSE,XM,DWG/DXF - Reference- Capability,Microstation,,
MS_DWGSEED,,DWG Seed File                  ,Name of seed file used to create DWG file.,FALSE,TRUE,XM,DWG/DXF - Seed,Microstation,,
MS_DWGSEED_OVERRIDE,,DWG Seed File Override         ,Controls how a DWG seed file can be used to save DWG files: 0 = Allows seed file to be changed in DWG Save As Options dialog; 1 = MS_TRANSEED overrides user settings  always; 2 = MS_TRANSEED overrides user settings  only at start up of MicroStation.,FALSE,TRUE,XM,DWG/DXF - Seed,Microstation,,
MS_DWGSHEETMODELSEED,Filename       ,DWG Sheet Model Seed File      ,Name of file containing seed model for new sheet models in DWG files.,TRUE,TRUE,XM,DWG/DXF - Seed,Microstation,,
MS_DWGSHEETMODELSEEDNAME,Filename       ,DWG Sheet Model Seed           ,Name of seed model for new sheet models in DWG files.  Global origin and seed models To set the Active or Global Origin use the key-in: GO= This key-in is used to relocate the global origin on the design plane and set up a permanent custom coordinate syst,TRUE,TRUE,XM,DWG/DXF - Seed,Microstation,,
CAPABILITY_TEXTSTYLE_ACTIVE_DWGSETTINGS,Capability,,Allow the text style editor to show only the active settings used by dwg files,FALSE,FALSE,XM,DWG/DXF- Capability,Microstation,,
MS_ACADDIR,,AutoCAD Program Directory      ,Directory containing AutoCAD. This is used to find the DWG support files such as fonts (See MS_DWGFONTPATH). (MS_ACADDIR),FALSE,TRUE,XM,DWG/DXF Search Path,Microstation,,
MS_BLOCKLIST,Filename       ,AutoCAD Block List             ,List of DWG/DXF files to be searched for AutoCAD blocks.  (MS_BLOCKLIST),FALSE,TRUE,XM,DWG/DXF Search Path,Microstation,,
MS_RSCFONTDATA,Directory      ,RSC->SHX Special Char Remap    ,Defines the mapping characteristics for special characters degree  diameter  and plusminus when converting RSC fonts to SHX fonts.  When converting RSC fonts to SHX  RSC fonts may be missing these special symbols. In such cases users can define substitut,FALSE,TRUE,XM,DWG/DXF Search Path,Microstation,,
DWGRDL_DIR,Capability,DWG Redline Location           ,Defines that location and/or file name appendage of the Bentley Redline generated DWG redline file that the Redline On tool searches for.  Defaults to <ActiveFileName>_redline.dwg in the same directory as the active DWG file.  (DWGRDL_DIR),FALSE,TRUE,XM,DWG/DXF- Search Path,Microstation,,
MS_DWG_COMMANDPREFIX,,DWG Command Prefix.            ,Defines prefix for keyins that specify DWG commands,FALSE,FALSE,XM,DWG/DXF- Search Path,Microstation,,
MS_DWG_FIELD_2005FORMATTING,,Force AutoCAD 2005 field format ,is defined and set to 1  MicroStation only generates field information that AutoCAD 2005 supports.,TRUE,TRUE,XM,DWG/DXF- Search Path,Microstation,,
MS_DWG_PGPFILE,,PGP Command Alias file.        ,PGP files contain aliases for DWG commands.  If no directory is specified  the AutoCAD support directory is used. (MS_DWG_PGPFILE),FALSE,FALSE,XM,DWG/DXF- Search Path,Microstation,,
MS_DWGDATA,Keyword        ,DWG Data Directory.            ,Local directory to store DWG settings files.  (MS_DWGDATA),FALSE,TRUE,XM,DWG/DXF- Search Path,Microstation,,
MS_DWGFONTPATH,Keyword        ,AutoCAD SHX Font Directory     ,Path or list of paths that contain AutoCAD SHX fonts. (MS_DWGFONTPATH),FALSE,TRUE,XM,DWG/DXF- Search Path,Microstation,,
MS_DWGSETTINGSFILE,Filename       ,DWG Settings File.             ,points to the file that contains the settings for opening and saving DWG files.,FALSE,TRUE,XM,DWG/DXF- Search Path,Microstation,,
MS_DWGSYSTEMDATA,Filename       ,System DWG Data Directory.     ,points to the directory that is used to override the local directory as a source for DWG settings files.,FALSE,TRUE,XM,DWG/DXF- Search Path,Microstation,,
IM_DISPLAY_STYLE_INSIDE_CLIP_VOLUME,Capability,Display Style inside the clip volume,,FALSE,FALSE,V8i,Dynamic Views,MicroStation,,
IM_DISPLAY_STYLE_OUTSIDE_CLIP_VOLUME,Search Path    ,Display Style outside the clip volume,,FALSE,FALSE,V8i,Dynamic Views,MicroStation,,
ECOM_CONNECTION_APPLICATIONS_AUTOPLANT_PDW,,Application Data to Extract      ,Application Data to Extract.  Note setting the following will only have effect if you set the ECOM_CONNECTION_GROUP_OPTION to 4 (Applications)  1 =  On   0 = Off,FALSE,FALSE,V8i,ECOM Connection ,Navigator,,
ECOM_CONNECTION_APPLICATIONS_FRAMEWORKS,,Application Data to Extract      ,Application Data to Extract.  Note setting the following will only have effect if you set the ECOM_CONNECTION_GROUP_OPTION to 4 (Applications)  1 =  On   0 = Off,FALSE,FALSE,V8i,ECOM Connection ,Navigator,,
ECOM_CONNECTION_APPLICATIONS_OMNI,,Application Data to Extract      ,Application Data to Extract.  Note setting the following will only have effect if you set the ECOM_CONNECTION_GROUP_OPTION to 4 (Applications)  1 =  On   0 = Off,FALSE,FALSE,V8i,ECOM Connection ,Navigator,,
ECOM_CONNECTION_APPLICATIONS_PDMS,,Application Data to Extract      ,Application Data to Extract.  Note setting the following will only have effect if you set the ECOM_CONNECTION_GROUP_OPTION to 4 (Applications)  1 =  On   0 = Off,FALSE,FALSE,V8i,ECOM Connection ,Navigator,,
ECOM_CONNECTION_APPLICATIONS_PDS,,Application Data to Extract      ,Application Data to Extract.  Note setting the following will only have effect if you set the ECOM_CONNECTION_GROUP_OPTION to 4 (Applications)  1 =  On   0 = Off,FALSE,FALSE,V8i,ECOM Connection ,Navigator,,
ECOM_CONNECTION_APPLICATIONS_PSDS,,Application Data to Extract      ,Application Data to Extract.  Note setting the following will only have effect if you set the ECOM_CONNECTION_GROUP_OPTION to 4 (Applications)  1 =  On   0 = Off,FALSE,FALSE,V8i,ECOM Connection ,Navigator,,
ECOM_CONNECTION_APPLICATIONS_TriForma,,Application Data to Extract      ,Application Data to Extract.  Note setting the following will only have effect if you set the ECOM_CONNECTION_GROUP_OPTION to 4 (Applications)  1 =  On   0 = Off,FALSE,FALSE,V8i,ECOM Connection ,Navigator,,
ECOM_CONNECTION_AREAS_STRING,,Areas String setting,Valid values: <Areas String> ,FALSE,FALSE,V8i,ECOM Connection ,Navigator,,
ECOM_CONNECTION_COLLECTION,,Settings for Collection                            ,0=None  1=Level  2=Graphic Group                   ,FALSE,FALSE,V8i,ECOM Connection ,Navigator,,
ECOM_CONNECTION_COLOR,,Color setting                                                                   ,"0 = ""By Numbers"" (Use color code numbers)  1 = ""By RGB Values"" (Use RGB Values) ",FALSE,FALSE,V8i,ECOM Connection ,Navigator,,
ECOM_CONNECTION_COMPRESSION,,Compression option                                 ,0 = Disable compression  1 = Enable compression    ,FALSE,FALSE,V8i,ECOM Connection ,Navigator,,
ECOM_CONNECTION_DGN_PROVIDER,,Connection Plug-ins to load for this project    ,<assembly_name> = Name of the assembly containing the class which implements the Connection Provider Interface : <class_name> = Name of the class which implements the Connection Provider Interface.  NOTE: Please give fullname of the class including the na,FALSE,FALSE,V8i,ECOM Connection ,Navigator,,
ECOM_CONNECTION_EC_PROVIDER,,Element Types to extract  ,NOTE: Setting the following will only have effect if you enable the ECOM_CONNECTION_EXPORT_GRAPHICS option above.   1 = On  0 = Off     ,FALSE,FALSE,V8i,ECOM Connection ,Navigator,,
ECOM_CONNECTION_ECSCHEMA,,EC Schema option     ,0 = Don't use EC Schema mappings  1 = Use EC Schema mappings ,FALSE,FALSE,V8i,ECOM Connection ,Navigator,,
ECOM_CONNECTION_ELEMENTS_ARC,,Element Types to extract  ,NOTE: Setting the following will only have effect if you enable the ECOM_CONNECTION_EXPORT_GRAPHICS option above.   1 = On  0 = Off     ,FALSE,FALSE,V8i,ECOM Connection ,Navigator,,
ECOM_CONNECTION_ELEMENTS_BSPLINE_CURVE,,Element Types to extract  ,NOTE: Setting the following will only have effect if you enable the ECOM_CONNECTION_EXPORT_GRAPHICS option above.   1 = On  0 = Off     ,FALSE,FALSE,V8i,ECOM Connection ,Navigator,,
ECOM_CONNECTION_ELEMENTS_BSPLINE_SURFACE,,Element Types to extract  ,NOTE: Setting the following will only have effect if you enable the ECOM_CONNECTION_EXPORT_GRAPHICS option above.   1 = On  0 = Off     ,FALSE,FALSE,V8i,ECOM Connection ,Navigator,,
ECOM_CONNECTION_ELEMENTS_CELL,,Element Types to extract  ,NOTE: Setting the following will only have effect if you enable the ECOM_CONNECTION_EXPORT_GRAPHICS option above.   1 = On  0 = Off     ,FALSE,FALSE,V8i,ECOM Connection ,Navigator,,
ECOM_CONNECTION_ELEMENTS_CIRCLE,,Element Types to extract  ,NOTE: Setting the following will only have effect if you enable the ECOM_CONNECTION_EXPORT_GRAPHICS option above.   1 = On  0 = Off     ,FALSE,FALSE,V8i,ECOM Connection ,Navigator,,
ECOM_CONNECTION_ELEMENTS_COMPLEX_CHAIN,,Element Types to extract  ,NOTE: Setting the following will only have effect if you enable the ECOM_CONNECTION_EXPORT_GRAPHICS option above.   1 = On  0 = Off     ,FALSE,FALSE,V8i,ECOM Connection ,Navigator,,
ECOM_CONNECTION_ELEMENTS_COMPLEX_SHAPE,,Element Types to extract  ,NOTE: Setting the following will only have effect if you enable the ECOM_CONNECTION_EXPORT_GRAPHICS option above.   1 = On  0 = Off     ,FALSE,FALSE,V8i,ECOM Connection ,Navigator,,
ECOM_CONNECTION_ELEMENTS_CONE,,Element Types to extract  ,NOTE: Setting the following will only have effect if you enable the ECOM_CONNECTION_EXPORT_GRAPHICS option above.   1 = On  0 = Off     ,FALSE,FALSE,V8i,ECOM Connection ,Navigator,,
ECOM_CONNECTION_ELEMENTS_CONSTRUCTION_ELEMENT,,Element Types to extract  ,NOTE: Setting the following will only have effect if you enable the ECOM_CONNECTION_EXPORT_GRAPHICS option above.   1 = On  0 = Off     ,FALSE,FALSE,V8i,ECOM Connection ,Navigator,,
ECOM_CONNECTION_ELEMENTS_CURVE,,Element Types to extract  ,NOTE: Setting the following will only have effect if you enable the ECOM_CONNECTION_EXPORT_GRAPHICS option above.   1 = On  0 = Off     ,FALSE,FALSE,V8i,ECOM Connection ,Navigator,,
ECOM_CONNECTION_ELEMENTS_LINE,,Element Types to extract  ,NOTE: Setting the following will only have effect if you enable the ECOM_CONNECTION_EXPORT_GRAPHICS option above.   1 = On  0 = Off     ,FALSE,FALSE,V8i,ECOM Connection ,Navigator,,
ECOM_CONNECTION_ELEMENTS_LINE_STRING,,Element Types to extract  ,NOTE: Setting the following will only have effect if you enable the ECOM_CONNECTION_EXPORT_GRAPHICS option above.   1 = On  0 = Off     ,FALSE,FALSE,V8i,ECOM Connection ,Navigator,,
ECOM_CONNECTION_ELEMENTS_MESH,,Element Types to extract  ,NOTE: Setting the following will only have effect if you enable the ECOM_CONNECTION_EXPORT_GRAPHICS option above.   1 = On  0 = Off     ,FALSE,FALSE,V8i,ECOM Connection ,Navigator,,
ECOM_CONNECTION_ELEMENTS_POINT,,Element Types to extract  ,NOTE: Setting the following will only have effect if you enable the ECOM_CONNECTION_EXPORT_GRAPHICS option above.   1 = On  0 = Off     ,FALSE,FALSE,V8i,ECOM Connection ,Navigator,,
ECOM_CONNECTION_ELEMENTS_SHAPE,,Element Types to extract  ,NOTE: Setting the following will only have effect if you enable the ECOM_CONNECTION_EXPORT_GRAPHICS option above.   1 = On  0 = Off     ,FALSE,FALSE,V8i,ECOM Connection ,Navigator,,
ECOM_CONNECTION_ELEMENTS_SOLID,,Element Types to extract  ,NOTE: Setting the following will only have effect if you enable the ECOM_CONNECTION_EXPORT_GRAPHICS option above.   1 = On  0 = Off     ,FALSE,FALSE,V8i,ECOM Connection ,Navigator,,
ECOM_CONNECTION_ELEMENTS_SURFACE,,Element Types to extract  ,NOTE: Setting the following will only have effect if you enable the ECOM_CONNECTION_EXPORT_GRAPHICS option above.   1 = On  0 = Off     ,FALSE,FALSE,V8i,ECOM Connection ,Navigator,,
ECOM_CONNECTION_EXPORT_GRAPHICS,,Export Graphics to JSpace option   ,0 = Don't export graphic primitives  1 = Export graphic primitives ,FALSE,FALSE,V8i,ECOM Connection ,Navigator,,
ECOM_CONNECTION_EXTRACT_VIEW,,Extract from View option                                                     ,0 = Don't extract from a particular view  1 = Extract from a particular view ,FALSE,FALSE,V8i,ECOM Connection ,Navigator,,
ECOM_CONNECTION_EXTRACT_VIEW_NUMBER,,View number to extract                             ,Valid values: Integer between 1 and 8              ,FALSE,FALSE,V8i,ECOM Connection ,Navigator,,
ECOM_CONNECTION_GLOBAL_ORIGIN,,Use Global Origin,0 = Don't use global origin  1 = Use global origin ,FALSE,FALSE,V8i,ECOM Connection ,Navigator,,
ECOM_CONNECTION_GROUP_OPTION,,Group option settings for ECOM Connection,Group option settings for ECOM Connection.  0 = Cells  1 = Graphic Groups  2 = Levels  3 = None  4 = Applications   ,FALSE,FALSE,V8i,ECOM Connection ,Navigator,,
ECOM_CONNECTION_GROUPING_CLASS_LIBRARY ,,Grouping class library setting                               ,Valid values: <Path and File name of grouping class library> ,FALSE,FALSE,V8i,ECOM Connection ,Navigator,,
ECOM_CONNECTION_GROUPING_CLASS_NAME,,Grouping class name setting                        ,Valid values: <Name of grouping class>             ,FALSE,FALSE,V8i,ECOM Connection ,Navigator,,
ECOM_CONNECTION_HIGHLIGHT_ELEMENTS,,Highlight elements while extracting option   ,0 = Don't highlight elements  1 = Highlight elements ,FALSE,FALSE,V8i,ECOM Connection ,Navigator,,
ECOM_CONNECTION_MODEL_CREATION,,Settings for Model Creation       ,0=Active Dgn in one JSpace Model : 1=Active and Reference in One JSpace Model : 2=Active and Reference in two JSpace Models : 3=Active and Reference in seperate JSpace Models :  4=Reference in one JSpace Model : 5=Reference in seperate JSpace Models,FALSE,FALSE,V8i,ECOM Connection ,Navigator,,
ECOM_CONNECTION_MSLINKS,,Extract MS Links option                            ,0 = Don't extract MS Links  1 = Extract MS Links   ,FALSE,FALSE,V8i,ECOM Connection ,Navigator,,
ECOM_CONNECTION_PROCESS_INVISIBLE_ELEMENTS,,Process invisible drawing entities for AutoPLANT P&ID Drawings    ,Master component information is attached to invisible blocks in AutoPLANT drawing files.   (0 = Don't read invisible entities  1 = read invisible entities),FALSE,FALSE,V8i,ECOM Connection ,Navigator,,
ECOM_CONNECTION_RELATIVE_MASTER,,Relative to Master option                                            ,0 = Don't extract relative to Master  1 = Extract relative to Master ,FALSE,FALSE,V8i,ECOM Connection ,Navigator,,
ECOM_CONNECTION_SELECTION,,Settings for selection set                         ,0=All Elements  1=Fence  2=Selection Set           ,FALSE,FALSE,V8i,ECOM Connection ,Navigator,,
ECOM_CONNECTION_TAGDATA,,Extract Tag Data option                            ,0 = Don't extract Tag Data  1 = Extract Tag Data   ,FALSE,FALSE,V8i,ECOM Connection ,Navigator,,
ECOM_CONNECTION_UNITS,,Units setting     ,0=Use Master file's units  1=Feet  2=Inches  4=Meters  8=Millimeters ,FALSE,FALSE,V8i,ECOM Connection ,Navigator,,
ECOM_CONNECTION_USERDATA,,Extract User Data option                           ,0 = Don't extract User Data  1 = Extract User Data ,FALSE,FALSE,V8i,ECOM Connection ,Navigator,,
ECOM_CONNECTION_VOLUME_FILE,,Volume File setting  ,Valid values: <Path and File name of Volume File>  ,FALSE,FALSE,V8i,ECOM Connection ,Navigator,,
BBES_DATASETNAME,,,,FALSE,FALSE,XM,Electrical,AECOsim Building Designer - Electrical,,
BBES_DATASETS,Search Path,,,FALSE,FALSE,XM,Electrical,AECOsim Building Designer - Electrical,,
BBES_DRAWINGSEED_DGNLIBLIST,Filename       ,,,FALSE,FALSE,XM,Electrical,AECOsim Building Designer - Electrical,,
BBES_SHAREDCELLS,,,,FALSE,FALSE,XM,Electrical,AECOsim Building Designer - Electrical,,
BBES_SYMBOLMANAGER_REDIRPATH,,,,FALSE,FALSE,XM,Electrical,AECOsim Building Designer - Electrical,,
BBES_WORKSPACEROOT,Directory,,,FALSE,FALSE,XM,Electrical,AECOsim Building Designer - Electrical,,
BBESBIN,Directory,,,FALSE,FALSE,XM,Electrical,AECOsim Building Designer - Electrical,,
BBESDATA,Directory,,,FALSE,FALSE,XM,Electrical,AECOsim Building Designer - Electrical,,
BBESDIR,Directory,,,FALSE,FALSE,XM,Electrical,AECOsim Building Designer - Electrical,,
BBESVER,,,,FALSE,FALSE,XM,Electrical,AECOsim Building Designer - Electrical,,
BESDIR_MACROS,Search Path,,,FALSE,FALSE,XM,Electrical,AECOsim Building Designer - Electrical,,
BESDIR_MDLAPPS,Search Path,,,FALSE,FALSE,XM,Electrical,AECOsim Building Designer - Electrical,,
MS_BOOKMARKS_ARCHIVE,Keyword        ,Archive bookmarks              ,Specifies the bookmark file for remote archives. (MS_BOOKMARKS_ARCHIVE),FALSE,FALSE,XM,Engineering Links,Microstation,,
MS_BOOKMARKS_CELL,Filelist       ,Cell library bookmarks         ,Specifies the bookmark file for remote cell libraries. (MS_BOOKMARKS_CELL),FALSE,FALSE,XM,Engineering Links,Microstation,,
MS_BOOKMARKS_DGN,Filename       ,DGN bookmarks                  ,Specifies the bookmark file for remote design files. (MS_BOOKMARKS_DGN),FALSE,FALSE,XM,Engineering Links,Microstation,,
MS_BOOKMARKS_IMAGE,Filename       ,Image bookmarks                ,Specifies the bookmark file for remote images. (MS_BOOKMARKS_IMAGE),FALSE,FALSE,XM,Engineering Links,Microstation,,
MS_BOOKMARKS_RSC,Filename       ,Resource bookmarks             ,Specifies the bookmark file for remote resource files. (MS_BOOKMARKS_RSC),FALSE,FALSE,XM,Engineering Links,Microstation,,
MS_BROWSERMAKECHILDWINDOW,Filename       ,Reparent Browser               ,When set to 1  the current browser is reparented inside of the MicroStation main window  allowing the viewer to always be seen. (MS_BROWSERMAKECHILDWINDOW),FALSE,FALSE,XM,Engineering Links,Microstation,,
MS_REFAGENTDATA,Keyword        ,RefAgent data file             ,Specifies a file containing URL information for the Reference Agent. (MS_REFAGENTDATA),FALSE,FALSE,XM,Engineering Links,Microstation,,
MS_USEEXTERNALBROWSER,Keyword        ,External browser name          ,Set to Netscape or IExplore in order to use an external browser. (MS_USEEXTERNALBROWSER),FALSE,FALSE,XM,Engineering Links,Microstation,,
MS_WEBDOWNLOADDIR,,Download directory             ,Sets the directory in which WWW downloads are stored. (MS_WEBDOWNLOADDIR),FALSE,FALSE,XM,Engineering Links,Microstation,,
MS_WEBFILES_DIR,,Weblib local storage           ,Specifies the directory in which copies of remote files are stored. (MS_WEBFILES_DIR),FALSE,FALSE,XM,Engineering Links,Microstation,,
MS_WEBKIOSKMODE,Directory      ,Kiosk mode                     ,Set to 1 for Kiosk mode. (MS_WEBKIOSKMODE),FALSE,FALSE,XM,Engineering Links,Microstation,,
MS_WEBLIB_HISTORY,Directory      ,Weblib history                 ,Specifies the history file for the Weblib shared library. (MS_WEBLIB_HISTORY),FALSE,FALSE,XM,Engineering Links,Microstation,,
MS_WEBTYPESFILE,Keyword        ,Special filetype handling      ,Specifies a file containing special handling instructions for various file types. (MS_WEBTYPESFILE),FALSE,FALSE,XM,Engineering Links,Microstation,,
NUMBER_OF_PROCESSORS,,,Windows Enviroment Variable - Number of logical processor,FALSE,FALSE,XM,Enviroment Variable,WINDOWS,,
OS,,,Windows Enviroment Variable - OS version,FALSE,FALSE,XM,Enviroment Variable,WINDOWS,,
PATH,,,Windows Enviroment Variable - The path to a file is basically its address on the computer. It tells programs how to find a file. It is the drive plus any directories and sub-directories where the file is located.,FALSE,FALSE,XM,Enviroment Variable,WINDOWS,,
PATHEXT,,,Windows Enviroment Variable - List of file types that are executatble,FALSE,FALSE,XM,Enviroment Variable,WINDOWS,,
PROCESSOR_ARCHITECTURE,,,Windows Enviroment Variable - Processor architecture being used (x86 = 32bit AMD64 = 64bit),FALSE,FALSE,XM,Enviroment Variable,WINDOWS,,
PROCESSOR_IDENTIFIER,,,Windows Enviroment Variable - Processor ID,FALSE,FALSE,XM,Enviroment Variable,WINDOWS,,
PROCESSOR_LEVEL,,,Windows Enviroment Variable - Processor level,FALSE,FALSE,XM,Enviroment Variable,WINDOWS,,
PROCESSOR_REVISION,,,Windows Enviroment Variable - Processor revision number,FALSE,FALSE,XM,Enviroment Variable,WINDOWS,,
TEMP,,,Windows Enviroment Variable - Location of the temp folder,FALSE,FALSE,XM,Enviroment Variable,WINDOWS,,
TMP,,,Windows Enviroment Variable - Location of the temp folder,FALSE,FALSE,XM,Enviroment Variable,WINDOWS,,
WINDIR,,,Windows Enviroment Variable - Location of the windows directory,FALSE,FALSE,XM,Enviroment Variable,WINDOWS,,
TF_DONOT_PRESERVE_SYMBOLOGY,,,TF_DONOT_PRESERVE_SYMBOLOGY this will update the symbology of 2D symobles if they have parts assigned to subcomponents.,FALSE,FALSE,XM,Extractions,Building Platform - TriForma,,
TF_DRAWINGS_EXTENSION,,Drwg Extraction File Extension ,File Extension to be used for drawing extraction files. (TF_DRAWINGS_EXTENSION),FALSE,TRUE,XM,Extractions,Building Platform - TriForma,,
BB_EAM_MAPPINGTEMPLATE,Filename       ,,Mechanical Building Designer Energy Analysis Model's mapping template. Sets the template XML file for the energy analysis mapping.,FALSE,FALSE,XM,GBXML,Building Platform - TriForma,,
BB_EAMMAPPINGFILE,Filename       ,,"Mechanical Building Designer Energy Analysis Model's mapping file. Sets the path for the energy analysis mapping file, with the default name EnergyAnalysisMappings.xml.",FALSE,FALSE,XM,GBXML,Building Platform - TriForma,,
BB_GBXML_DEFAULT_MODELNAME,,,Mechanical Building Designer GBXML default model name. Sets the default name to the model generated in the energy analysis. By default it is set as Energy Analysis Model.,FALSE,FALSE,XM,GBXML,Building Platform - TriForma,,
BB_GBXML_OUT,Directory,,Mechanical Building Designer GBXML out folder. Specifies the location of the resulting XML file after the energy analysis of the model.,FALSE,FALSE,XM,GBXML,Building Platform - TriForma,,
BB_GBXML_PREFS,Filename       ,,"Mechanical Building Designer GBXML preferences. Sets the preferences associated with energy analysis in an XML file, named by default as EnergyAnalysisPref.xml.",FALSE,FALSE,XM,GBXML,Building Platform - TriForma,,
_USTN_HELPNAMESPACE,,,,FALSE,TRUE,XM,Help,Microstation,,
_USTN_HELPTAG_ADDLINKTOELEMENT,Filelist       ,,,FALSE,FALSE,XM,Help,Microstation,,
_USTN_HELPTAG_CREATECONFIGVARLINK,,,,FALSE,FALSE,XM,Help,Microstation,,
_USTN_HELPTAG_CREATELINKS,,,,FALSE,FALSE,XM,Help,Microstation,,
_USTN_HELPTAG_CREATEURLLINK,,,,FALSE,FALSE,XM,Help,Microstation,,
_USTN_HELPTAG_CUSTOMIZE,,,,FALSE,FALSE,XM,Help,Microstation,,
_USTN_HELPTAG_DESIGNLINKPROPS,,,,FALSE,FALSE,XM,Help,Microstation,,
_USTN_HELPTAG_DETAILINGSTYLES,,,,FALSE,FALSE,XM,Help,Microstation,,
_USTN_HELPTAG_ELEMENTINFO,,,,FALSE,FALSE,XM,Help,Microstation,,
_USTN_HELPTAG_FIELDEDITOR,,,,FALSE,FALSE,XM,Help,Microstation,,
_USTN_HELPTAG_FILESYSTEMBROWSER,,,,FALSE,FALSE,XM,Help,Microstation,,
_USTN_HELPTAG_GEOCOORD_GCSGROUPPROP,,,,FALSE,FALSE,XM,Help,Microstation,,
_USTN_HELPTAG_GEOCOORD_GCSSELECT,,,,FALSE,FALSE,XM,Help,Microstation,,
_USTN_HELPTAG_GEOCOORD_GCSSHOWPROPS,,,,FALSE,FALSE,XM,Help,Microstation,,
_USTN_HELPTAG_GEOCOORD_REPROJECT,,,,FALSE,FALSE,XM,Help,Microstation,,
_USTN_HELPTAG_LINKSETMANAGER,,,,FALSE,FALSE,XM,Help,Microstation,,
_USTN_HELPTAG_NAMEDEXPRESSIONKEYWORDS,,,,FALSE,FALSE,XM,Help,Microstation,,
_USTN_HELPTAG_NAMEDEXPRESSIONS,,,,FALSE,FALSE,XM,Help,Microstation,,
_USTN_HELPTAG_PRNCFGEDIT_BGCOLORMAPEDIT,,,,FALSE,FALSE,XM,Help,Microstation,,
_USTN_HELPTAG_PRNCFGEDIT_COLORMAPEDIT,,,,FALSE,FALSE,XM,Help,Microstation,,
_USTN_HELPTAG_PRNCFGEDIT_FONTMAPEDIT,,,,FALSE,FALSE,XM,Help,Microstation,,
_USTN_HELPTAG_PRNCFGEDIT_FORMEDIT,,,,FALSE,FALSE,XM,Help,Microstation,,
_USTN_HELPTAG_PRNCFGEDIT_MAIN,,,,FALSE,FALSE,XM,Help,Microstation,,
_USTN_HELPTAG_PRNCFGEDIT_PROGRAMEDIT,,,,FALSE,FALSE,XM,Help,Microstation,,
_USTN_HELPTAG_PRNCFGEDIT_STYLEEDIT,,,,FALSE,FALSE,XM,Help,Microstation,,
_USTN_HELPTAG_PRNCFGEDIT_WEIGHTMAPEDIT,,,,FALSE,FALSE,XM,Help,Microstation,,
_USTN_HELPTAG_PROJECTEXPLORER,,,,FALSE,FALSE,XM,Help,Microstation,,
_USTN_HELPTAG_QUICKELEMENTINFO,,,,FALSE,FALSE,XM,Help,Microstation,,
_USTN_HELPTAG_RASTER_ATTACHMENTOPTIONS,,,,FALSE,FALSE,XM,Help,Microstation,,
_USTN_HELPTAG_RASTER_DEFAULTATTACHMENTOPTIONS,,,,FALSE,FALSE,XM,Help,Microstation,,
_USTN_HELPTAG_RASTER_LAYERDISPLAY,,,,FALSE,FALSE,XM,Help,Microstation,,
_USTN_HELPTAG_RASTER_SAVEASSETTINGS,,,,FALSE,FALSE,XM,Help,Microstation,,
_USTN_HELPTAG_TASKDIALOG,,,,FALSE,FALSE,XM,Help,Microstation,,
_USTN_HELPTAG_TEMPLATECHECKER,,,,FALSE,FALSE,XM,Help,Microstation,,
_USTN_HELPTAG_TEMPLATES,,,,FALSE,FALSE,XM,Help,Microstation,,
ATFDIR_HELP,Directory      ,Help Files                     ,Location of Architectural Building Designer help files.  This is also the parent directory of the folder containing all movies associated with the Quickstart Guide.,FALSE,TRUE,XM,Help,AECOsim Building Designer - Architectural,,
HVACDIR_HELP,,,Specifies the directory location for the Mechanical Building Designer help files.,FALSE,FALSE,XM,Help,AECOsim Building Designer - Mechanical,,
MS_HELPLOAD_AGGREGATOR,,,,FALSE,FALSE,XM,Help,Microstation,,
MS_HELPLOAD_APPLICATION,,Application Type that Loads Help ,Determines which application help is based on. Current options are HTMLHelp (default)  or StaticWeb. StaticWeb refers to static HTML pages on a website.  (MS_HELPLOAD_APPLICATION),FALSE,FALSE,XM,Help,Microstation,,
MS_HELPLOAD_SERVER,,Root Location of Help Content  ,Specifies the root location of the Help content.  (MS_HELPLOAD_SERVER),FALSE,FALSE,XM,Help,Microstation,,
MS_HELPLOAD_USEBROWSER,Keyword        ,,,FALSE,FALSE,XM,Help,Microstation,,
MS_HELPPATH,Search Path    ,Help Path                      ,MicroStation help path.  (MS_HELPPATH),FALSE,FALSE,XM,Help,Microstation,,
STFDIR_HELP              ,Directory,Help Files                     ,Location of Structural help files.,FALSE,TRUE,XM,Help,AECOsim Building Designer - Structural,,
TFDIR_HELP,Directory      ,Help Files                     ,Location of Building Designer help files. (TFDIR_HELP),FALSE,TRUE,XM,Help,Building Platform - TriForma,,
MS_IGESIN,,IGES Input Directory.          ,Input directory for IGES translations.  (MS_IGESIN),FALSE,TRUE,XM,IGES-Translation,Microstation,,
MS_IGESINSET,Keyword        ,IGESIN Settings File.          ,Settings file for the IGESIN application.  (MS_IGESINSET),FALSE,TRUE,XM,IGES-Translation,Microstation,,
MS_IGESLOG,Directory      ,IGES Log Files.                ,Output directory for IGES log files.  (MS_IGESLOG),FALSE,TRUE,XM,IGES-Translation,Microstation,,
MS_IGESOUT,Filename       ,IGES Output Directory.         ,Output directory for IGES translations.  (MS_IGESOUT),FALSE,TRUE,XM,IGES-Translation,Microstation,,
MS_IGESOUTSET,Directory      ,IGESOUT Settings File.         ,Settings file for the IGESOUT application.  (MS_IGESOUTSET),FALSE,TRUE,XM,IGES-Translation,Microstation,,
IFM_CONFIG,Directory      ,,,FALSE,FALSE,XM,Interference Manager,Building Platform - TriForma,,
IFM_DEFCONNTOL,Search Path    ,Default Connection Tolerance   ,Default Connection Tolerance value. (IFM_DEFCONNTOL),FALSE,TRUE,XM,Interference Manager,Building Platform - TriForma,,
IFM_DEFREPORT,,Default Report Option File     ,Name of the default Report Options File. (IFM_DEFREPORT),FALSE,TRUE,XM,Interference Manager,Building Platform - TriForma,,
IFM_DEFSEED,NONE           ,Default Plot Seed File         ,Defines the default Interference Plot Seed File. (IFM_DEFSEED),FALSE,TRUE,XM,Interference Manager,Building Platform - TriForma,,
IFM_DEFSETTINGS,,Interference Manager Settings,,FALSE,FALSE,V8i,Interference Manager,Navigator,,
IFM_DEFSUPPRESS,Filename       ,Default Suppression Rule File  ,Name of the default Suppression Rule File. (IFM_DEFSUPPRESS),FALSE,TRUE,XM,Interference Manager,Building Platform - TriForma,,
IFM_DOCS,Filename       ,,,FALSE,FALSE,XM,Interference Manager,Building Platform - TriForma,,
IFM_EXE,Filename       ,,,FALSE,FALSE,XM,Interference Manager,Building Platform - TriForma,,
IFM_GUI_CLS_INTERFERENCE_SET,,,,FALSE,FALSE,XM,Interference Manager,Building Platform - TriForma,,
IFM_GUI_CLS_INTERFERENCES,,,,FALSE,FALSE,XM,Interference Manager,Building Platform - TriForma,,
IFM_IGNORE_PROPERTIES,,Properties to ignore           ,Defines that list of properties that are ignored when comparing the equality of two Physical Groups. A value of IGNORE_ALL mean all properties are ignored. (IFM_IGNORE_PROPERTIES) ,FALSE,TRUE,XM,Interference Manager,Building Platform - TriForma,,
IFM_MDLAPPS,,,,FALSE,FALSE,XM,Interference Manager,Building Platform - TriForma,,
IFM_OUT,NONE           ,Interference output directory  ,Defines the directory where the interference output is placed. (IFM_OUT),FALSE,TRUE,XM,Interference Manager,Building Platform - TriForma,,
IFM_SOFTOBJECTS,,,,FALSE,FALSE,XM,Interference Manager,Building Platform - TriForma,,
IFM_TEXT_COLOR,Directory      ,Plot Text Color                ,Defines the color used for the text in the Interference Plots. (IFM_TEXT_COLOR),FALSE,TRUE,XM,Interference Manager,Building Platform - TriForma,,
IFM_TEXT_FONT,,Plot Text Font                 ,Defines the font used for the text in the Interference Plots. (IFM_TEXT_FONT),FALSE,TRUE,XM,Interference Manager,Building Platform - TriForma,,
IFM_TEXT_HEIGHT_SCALE,NONE           ,Plot Text Height               ,Defines the height used for the text in the Interference Plots. (IFM_TEXT_HEIGHT_SCALE),FALSE,TRUE,XM,Interference Manager,Building Platform - TriForma,,
IFM_TEXT_STYLE,NONE           ,Plot Text Style                ,Defines the style used for the text in the Interference Plots. (IFM_TEXT_STYLE),FALSE,TRUE,XM,Interference Manager,Building Platform - TriForma,,
IFM_TEXT_WEIGHT,NONE           ,Plot Text Weight               ,Defines the weight used for the text in the Interference Plots. (IFM_TEXT_WEIGHT),FALSE,TRUE,XM,Interference Manager,Building Platform - TriForma,,
IFM_TEXT_WIDTH_SCALE,NONE           ,Plot Text Width                ,Defines the width used for the text in the Interference Plots. (IFM_TEXT_WIDTH_SCALE),FALSE,TRUE,XM,Interference Manager,Building Platform - TriForma,,
IFM_WORKSPACE,NONE           ,,,FALSE,FALSE,XM,Interference Manager,Building Platform - TriForma,,
PS_ISO_CONFIG,,,,FALSE,FALSE,XM,Iso,PlantSpace,,
PS_ISO_DIR,,,,FALSE,FALSE,XM,Iso,PlantSpace,,
PS_ISO_DOCS,,,,FALSE,FALSE,XM,Iso,PlantSpace,,
PS_ISO_ENABLE_DEBUG,,,,FALSE,FALSE,XM,Iso,PlantSpace,,
PS_ISO_END,,,,FALSE,FALSE,XM,Iso,PlantSpace,,
PS_ISO_JSM,,,,FALSE,FALSE,XM,Iso,PlantSpace,,
PS_ISO_KEY,,,,FALSE,FALSE,XM,Iso,PlantSpace,,
PS_ISO_LIBS,,,,FALSE,FALSE,XM,Iso,PlantSpace,,
PS_ISO_PIPING_LIC_MODE,,,,FALSE,FALSE,XM,Iso,PlantSpace,,
PS_ISO_PROJ,,,,FALSE,FALSE,XM,Iso,PlantSpace,,
PS_ISO_ROOT,,,,FALSE,FALSE,XM,Iso,PlantSpace,,
PS_ISO_STOP_ON_BOLT_ERROR,,,,FALSE,FALSE,XM,Iso,PlantSpace,,
PS_ISO_UTILS,,,,FALSE,FALSE,XM,Iso,PlantSpace,,
MS_LEVEL_CREATE_FROM_SEED_ATTRIBUTE_LIST,Keyword        ,Seed Level Attributes to use   ,This variable controls the list of level attributes that are copied from the seed level (MS_LEVEL_CREATE_FROM_SEED_ATTRIBUTE_LIST). The attributes can be one or more of the following as a comma separated list : OverrideSymbology  OverrideColor  OverrideS,FALSE,FALSE,XM,Level,Microstation,,
MS_LEVEL_SEED_LEVEL_NAME,Keyword        ,Seed Level Name                ,lets you specify the name of a seed level that is copied when a new level is created.  The variable MS_LEVEL_CREATE_FROM_SEED_ATTRIBUTE_LIST controls the list of level attributes that are copied from the seed level. The attributes can be one or more of th,FALSE,FALSE,XM,Level,Microstation,,
MS_LEVEL_ALLOW_LIBRARY_LEVEL_EDIT,Filelist       ,Edit Unused Library Levels     ,lets you edit library levels when it is not yet used in master-file. If not set  a library level can be edited only when if it is used. If set  a library level that is not yet copied into the master file can be edited. On editing  the library level will b,FALSE,FALSE,XM,Levels,Microstation,,
MS_LEVEL_AUTO_SYNC_ATTRIBUTE_LIST,Keyword        ,Level Attribute Auto Synch.    ,(MS_LEVEL_AUTO_SYNC_ATTRIBUTE_LIST). This variable controls the list of level-attributes that will automatically synchronize when a file if opened. The attributes can be one or more of the following as a comma separated list : OverrideSymbology  Override,FALSE,FALSE,XM,Levels,Microstation,,
MS_LEVEL_DISPLAY_FORMAT,Keyword        ,Level Display Format           ,lets you change the formatting of level lists. For example  in the Attributes toolbox. The choices are: N: Name D: Description C: Code The formats can be separated by parentheses. For example  MS_LEVEL_DISPLAY_FORMAT = D (N) will display the format as a d,FALSE,TRUE,XM,Levels,Microstation,,
MS_LEVEL_EDIT_ATTRIBUTE_LIST,Keyword        ,Control Level Attributes Edit  ,This variable controls the list of reference or library level-attributes that can be edited (MS_LEVEL_EDIT_ATTRIBUTE_LIST). The attributes can be one or more of the following as a comma separated list : OverrideSymbology  OverrideColor  OverrideStyle  Ov,FALSE,FALSE,XM,Levels,Microstation,,
MS_LEVEL_EDIT_NESTED_ATTACHMENT_LEVELS,,Edit Nested Attachment Levels  ,If defined  then allow editing of nested attachment levels (MS_LEVEL_EDIT_NESTED_ATTACHMENT_LEVELS),FALSE,TRUE,XM,Levels,Microstation,,
MS_LEVEL_LIB_DIR,Keyword        ,Level Library Path             ,Directory containing level data files. (MS_LEVEL_LIB_DIR),FALSE,TRUE,XM,Levels,Microstation,,
MS_LEVEL_LOAD_ATTACHMENT_FILTERS,Keyword        ,Load Attachment Level Filters  ,If defined  then level-filters of reference attachments are loaded. (MS_LEVEL_LOAD_ATTACHMENT_FILTERS),FALSE,FALSE,XM,Levels,Microstation,,
MS_LEVEL_PICKER_WIDTH,Search Path    ,Attributes Level Picker Width  ,sets the width  in pixels  of the level picker in the Attributes toolbox.,FALSE,FALSE,XM,Levels,Microstation,,
MS_LEVEL_SYNC_ATTRIBUTE_LIST,Keyword        ,Control Level Attributes Sync  ,"Affects the ""dgnlib update levels custom"" & ""reference synchronize levels custom"" key-ins (MS_LEVEL_SYNC_ATTRIBUTE_LIST). This variable controls the list of level-attributes that will sync-up when any of the above key-in is executed. The attributes can b",FALSE,FALSE,XM,Levels,Microstation,,
MS_UPDATE_KEEP_UNUSED_LIBRARY_LEVELS,Search Path    ,Keep Unused Library Levels     ,"(MS_UPDATE_KEEP_UNUSED_LIBRARY_LEVELS). Controls if unused library levels will be kept or deleted on a ""dgnlib update levels"" command. If is not set or set to ""0"" then unused library levels will be deleted on executing a ""dgnlib update levels"" command. I",FALSE,FALSE,XM,Levels,Microstation,,
MS_V7_LEVEL_NAME_PREFIX,Filelist       ,V7 to V8 Level Name Prefix     ,Prefix to apply to un-named Levels when a V7 file is converted to V8. (MS_V7_LEVEL_NAME_PREFIX),FALSE,FALSE,XM,Levels,Microstation,,
MS_V7TOV8_DELETE_UNUSED_LEVELS,Keyword        ,V7 to V8 Delete Unused Levels  ,"If set to 1  then all unused levels are deleted when a V7 file is converted to V8. (MS_V7TOV8_DELETE_UNUSED_LEVELS) This variable is ignored if ""V7 to V8 Level CSV File (MS_V7TOV8_CSVNAME)"" variable is set.",FALSE,FALSE,XM,Levels,Microstation,,
CAPABILITY_LEVEL_LIBRARY_ATTACH,Capability,,Allow user to attach a level library,FALSE,FALSE,XM,Levels- Capability,Microstation,,
CAPABILITY_LEVEL_LIBRARY_DETACH,Capability,,Allow user to detach a level library,FALSE,FALSE,XM,Levels- Capability,Microstation,,
CAPABILITY_LEVEL_PLOT,Capability,,Allow changes to the plot property of a level,FALSE,FALSE,XM,Levels- Capability,Microstation,,
CAPABILITY_LEVELS_ALLOW_CREATE,Capability,,Allow user to create a level - if CAPABILITY_LEVELS_CREATE is enabled,FALSE,FALSE,XM,Levels- Capability,Microstation,,
CAPABILITY_LEVELS_ALLOW_DELETE,Capability,,Allow user to delete a level - if CAPABILITY_LEVELS_CREATE is enabled,FALSE,FALSE,XM,Levels- Capability,Microstation,,
CAPABILITY_LEVELS_CREATE,Capability,,Allow the creation/delete of levels,FALSE,FALSE,XM,Levels- Capability,Microstation,,
CAPABILITY_LEVELS_DESCRIPTION,Capability,,Controls whether the Level System will allow changes to the description of a level,FALSE,FALSE,XM,Levels- Capability,Microstation,,
CAPABILITY_LEVELS_ELEMENT_ACCESS,Capability,,controls whether the level system will allow changes to the level-lock property of a level.,FALSE,FALSE,XM,Levels- Capability,Microstation,,
CAPABILITY_LEVELS_GLOBALDISPLAY,Capability,,Controls whether the Level System will allow changes to the global-display property of a level,FALSE,FALSE,XM,Levels- Capability,Microstation,,
CAPABILITY_LEVELS_GLOBALFREEZE,Capability,,Controls whether the Level System will allow changes to the global-freeze property of a level,FALSE,FALSE,XM,Levels- Capability,Microstation,,
CAPABILITY_LEVELS_MATERIAL,Capability,,controls whether the level system will allow changes to the material property of a level.,FALSE,FALSE,XM,Levels- Capability,Microstation,,
CAPABILITY_LEVELS_NUMBERS,Capability,,Controls whether the Level System will allow changes to the number property of a level,FALSE,FALSE,XM,Levels- Capability,Microstation,,
CAPABILITY_LEVELS_OVERRIDE_SYMBOLOGY,Capability,,Allows setting the symbology overrides on the Level Manager,FALSE,FALSE,XM,Levels- Capability,Microstation,,
CAPABILITY_LEVELS_OVERRIDES_PER_LEVEL,Capability,,Allows setting the symbology overrides on a per-level basis,FALSE,FALSE,XM,Levels- Capability,Microstation,,
CAPABILITY_LEVELS_PRIORITY,Capability,,controls whether the level system will allow changes to the priority property of a level.,FALSE,FALSE,XM,Levels- Capability,Microstation,,
CAPABILITY_LEVELS_TRANSPARENCY,Capability,,controls whether the level system will allow changes to the transparency property of a level.,FALSE,FALSE,XM,Levels- Capability,Microstation,,
CAPABILITY_LEVELS_USE_AUTO_GENERATED_NUMBERS,Capability,,Controls whether the Level System allows the user to see the auto(system)-generate level numbers and to work with them.,FALSE,FALSE,XM,Levels- Capability,Microstation,,
CAPABILITY_LEVELS_VIEWDISPLAY,Capability,,controls whether the level system will allow changes to the pre-view-display property of a level.,FALSE,FALSE,XM,Levels- Capability,Microstation,,
CAPABILITY_LEVELS_VPFREEZE,Capability,,Controls whether the Level System will allow changes to the viewport-freeze property of a level,FALSE,FALSE,XM,Levels- Capability,Microstation,,
CAPABILITY_LINESTYLE_CREATE_STDTXT,Capability,,ON by default; create textstyle STANDARD when importing LIN files  if needed,FALSE,FALSE,XM,Linestyle- Capability,Microstation,,
CAPABILITY_LINESTYLE_CREATE_TEXTSTYLE,Capability,,(Off by default) When importing from LIN files  create a necessary text style as copies of Standard.,FALSE,FALSE,XM,Linestyle- Capability,Microstation,,
CAPABILITY_LINESTYLE_SCALE_PER_MODEL,Capability,,allows setting global linestyle scale per model.,FALSE,FALSE,XM,Linestyle- Capability,Microstation,,
CAPABILITY_LINESTYLE_SCALEDWIDTH,Capability,,For DWG  enforce that all line styles use True Width so this is disabled.,FALSE,FALSE,XM,Linestyle- Capability,Microstation,,
CAPABILITY_LINESTYLE_SCALEWIDTH,Capability,,for DWG  enforce that all line styles use true width.,FALSE,FALSE,XM,Linestyle- Capability,Microstation,,
_DGNDIR,,Current File Directory         ,Directory containing the current Design File.  Not editable.  (_DGNDIR),FALSE,FALSE,XM,Lists,Microstation,,
_DGNFILE,NONE           ,Current File Name              ,Name of the current Design File (abbreviated).  Not editable.  (_DGNDIR),FALSE,FALSE,XM,Lists,Microstation,,
_USTN_ALTCHARTRAN,Keyword        ,Alternate CharTran Table       ,Alternate character translation table. (_USTN_ALTCHARTRAN),TRUE,FALSE,XM,Lists,Microstation,,
_USTN_CUSTOMIZEBASEID,Directory      ,Base Resource Identifier for user customizations ,Specifies a base number at which Customize will begin generating ids for user-created resources. After this value has been set  Customize will not create any resources with a resource id lower lower than this value.,FALSE,FALSE,XM,Lists,Microstation,,
_USTN_RMGR_MAXFILEPTRS,Directory      ,Resource File Pointers         ,Specifies the maximum number of operating system file pointers that the Resource Manager will use internally to manipulate all its logical resource file handles. In version 5  this value was fixed at 6. Starting in version 5.5  the new default is 12 but ,TRUE,FALSE,XM,Lists,Microstation,,
_USTN_SYSTEMTABLES,Filelist       ,Tables Root Directory          ,Specifies the root directory for system table directories. (_USTN_SYSTEMTABLES),FALSE,FALSE,XM,Lists,Microstation,,
MS_ANNOTATIONSCALEPROPAGATION,Search Path    ,Model Annotation Scale Propagation ,controls the propagation of a model's annotation scale. If set to PROMPT  you are prompted to accept or reject the propagation to existing annotations. If set to ALWAYS  the scale will be automatically propagated. If set to NEVER  the scale will not be pr,FALSE,TRUE,XM,Lists,Microstation,,
MS_AUTO_UPDATE_FIELDS,Search Path    ,Automatically Update Fields in Active Model ,controls the rules for updating fields in the active model. If set to ALWAYS  the fields are always kept up to date. If set to NEVER  the fields are never updated. If not set or set to FOLLOWMODELFLAG  the models Update Fields Automatically field determin,FALSE,TRUE,XM,Lists,Microstation,,
MS_BASICEXT_LOAD,Keyword        ,BASIC Extension Apps           ,List of MDL applications that implement extensions to the BASIC language (MS_BASICEXT_LOAD),TRUE,FALSE,XM,Lists,Microstation,,
MS_CMDWINDRSC,,Command Window Resource        ,MicroStation command window resource file.  If not defined  use default.  (MS_CMDWINDRSC),TRUE,FALSE,XM,Lists,Microstation,,
MS_CODESET,Filelist       ,Multi-Byte Char App            ,MDL application for handling multi-byte character sets.  (MS_CODESET),TRUE,FALSE,XM,Lists,Microstation,,
MS_DATA,Filename       ,Data Files                     ,Directory for data files created/used by MicroStation.  (MS_DATA),FALSE,FALSE,XM,Lists,Microstation,,
MS_DEFCHARTRAN,,Char Translation Table         ,Default character translation table.  (MS_DEFCHARTRAN),TRUE,FALSE,XM,Lists,Microstation,,
MS_DGNOUT,Filelist       ,Output Design Files            ,"Directory containing design files created from ""on the fly"" translations. (MS_DGNOUT)",FALSE,TRUE,XM,Lists,Microstation,,
MS_DIMLEGACYPOINTORDER,,Use Legacy Datapoint Order for Dimensions ,if set to 1  the dimensioning tools use the legacy data point sequence for placing linear and angular dimensions (StartPoint – ExtensionPoint – EndPoint).,FALSE,TRUE,XM,Lists,Microstation,,
MS_GUIHAND,,Aux Handlers                   ,Identifies auxiliary handlers.  (MS_GUIHAND),TRUE,FALSE,XM,Lists,Microstation,,
MS_INITAPPS,Boolean        ,Initial MDL Applications       ,List of all initial start up MDL Applications. (MS_INITAPPS),TRUE,FALSE,XM,Lists,Microstation,,
MS_NOTEAUTOUPDATE,,Update note settings to existing notes when a dimension style is saved ,controls the list of settings that will be propagated to existing notes when a dimension style is saved. To propagate all settings  set to All. To control individual settings  list attributes in a comma-separated list.,FALSE,TRUE,XM,Lists,Microstation,,
MS_OLDUSERLICENSE,Keyword        ,Old User License               ,File containing old user license information. Necessary for an upgrade installation. (MS_OLDUSERLICENSE),FALSE,FALSE,XM,Lists,Microstation,,
MS_OPENDESIGNFILEFILTER,,Open Design File Filter        ,"If this variable is set  then MicroStation Manager and the Open Design File dialog will use the value as the initial filter.  An example value is ""*.*"".  (MS_OPENDESIGNFILEFILTER)",FALSE,TRUE,XM,Lists,Microstation,,
MS_RIGHTLOGICKB,Keyword        ,Right to Left Chars            ,If set equal to 1  support typing from right to left. Used for foreign language support.  (MS_RIGHTLOGICKB),FALSE,FALSE,XM,Lists,Microstation,,
MS_RSRC,,Main Resource                  ,"Main MicroStation resource  typically set to ""ustation.rsc"". (MS_RSRC)",TRUE,FALSE,XM,Lists,Microstation,,
MS_SIGNATURE_DISPLAY_UNVERIFIED,Keyword        ,Digital signature X            ,Controls how an unverified digital signature is crossed out. The value is:,TRUE,TRUE,XM,Lists,Microstation,,
MS_SIGNATURE_SHOW_FULL_NAME,Filename       ,Digital signature full name    ,If set  MicroStation displays the full subject and issuer names from the signer's certificate in the element info balloon for a digital signature element (MS_SIGNATURE_SHOW_FULL_NAME),FALSE,TRUE,XM,Lists,Microstation,,
MS_SMARTSOLID,Boolean        ,SmartSolid Directory           ,specifies the directory path for the SmartSolid subsystem.,FALSE,TRUE,XM,Lists,Microstation,,
MS_SNAP_TANGENT_POINT_DEFAULT_MODE,,Perp/Tan location              ,The snap mode used to compute the location of a perpendicular or tangent point snap. Applies only when perpendicular or tangent point is the default snap mode. Possible values are: b - bisector  i - intersection  k - keypoint  m - midpoint  m1 - multisna,FALSE,TRUE,XM,Lists,Microstation,,
MS_SNAPMODE_SOURCE,Directory      ,Snap mode source               ,if set to 0 (the default)  MicroStation saves the snap mode data to the DGN file. If set to 1  the data is saved to the user pref file.,FALSE,TRUE,XM,Lists,Microstation,,
MS_USECUSTOMSHEETSIZEDEF,Keyword        ,Use Sheet Sizes from Definition File ,If set to 0  the sheet sizes will be derived from the active plotter driver. If set to 1  the sheet sizes in the Sheet Size definition file (MS_CUSTOMSHEETSIZEDEF) will be available for creating sheet models. If set to 2  the sheet sizes from both source,FALSE,TRUE,XM,Lists,Microstation,,
MS_USERLICENSE,Keyword        ,User License                   ,File containing user license information.  (MS_USERLICENSE),FALSE,FALSE,XM,Lists,Microstation,,
PZIP_OUT,Directory      ,Packager Output Directory      ,Specifies the default directory for creation of Packager files. (PZIP_OUT),FALSE,FALSE,XM,Lists,Microstation,,
MS_MARKUPPATH ,Search Path    ,,Search path for Markups,FALSE,FALSE,V8i,Markup,Navigator,,
MS_MARKUPSHEETSEED ,Command Line   ,,Template file used when creating markup sheets.  ,FALSE,FALSE,V8i,Markup,Navigator,,
MS_MARKUPSHEETSEEDNAME,,,Template sheet used when creating markup sheets.,FALSE,FALSE,V8i,Markup,Navigator,,
MS_TASKMAPFILES,,,,FALSE,FALSE,V8i,Markup,Navigator,,
MS_DBGSOURCE,Search Path    ,MDL Source                     ,Used by the debuggers to find source code for JMDL classes and MDL applications.  (MS_DBGSOURCE),FALSE,FALSE,XM,MDL Development,Microstation,,
MS_DEBUG,Search Path    ,Time Out                       ,If set to an integer with bit 1 on  do not time out.  (MS_DEBUG),FALSE,FALSE,XM,MDL Development,Microstation,,
MS_DEBUGFAULT,,Debug Fault                    ,If set to 1  automatically invoke the debugger when a fault is detected while an MDL application is active.  This works regardless of whether or not the application's debug information was previously loaded.  (MS_DEBUGFAULT),FALSE,FALSE,XM,MDL Development,Microstation,,
MS_MDLTRACE,Search Path    ,MDL Trace                      ,If set to 1  additional debugging print statements will be provided when debugging MDL applications.  (MS_MDLTRACE),FALSE,FALSE,XM,MDL Development,Microstation,,
MS_RDE_SYSINC,NONE           ,Runtime Resource Compiler      ,Specifies text to be inserted at the beginning of the command line by the resource compiler DLM. This is generally used to specify where to search for include files. (MS_RDE_SYSINC),FALSE,FALSE,XM,MDL Development,Microstation,,
MS_TRAP,Filename       ,Exception Handling             ,"Exception handling flag.  Set to ""NONE""  ""MDL""  or ""ALL""; Default = ""ALL"".  (MS_TRAP)",TRUE,FALSE,XM,MDL Development,Microstation,,
_BMECH_APPLICATIONMENU,,,,FALSE,FALSE,XM,Mechanical,AECOsim Building Designer - Mechanical,,
_BMECH_CREATE_2DVIEWS,,,,FALSE,FALSE,XM,Mechanical,AECOsim Building Designer - Mechanical,,
_BMECH_DISABLETFCOMWARNINGS,,,,FALSE,FALSE,XM,Mechanical,AECOsim Building Designer - Mechanical,,
_BMECH_UNITS,,,,FALSE,FALSE,XM,Mechanical,AECOsim Building Designer - Mechanical,,
BESDIR_MDLIMAGE,Search Path,,,FALSE,FALSE,XM,Mechanical,AECOsim Building Designer - Electrical,,
BMEC_DUCT_SYMBOLS_LIBNAME,Filename       ,,Sets the .cel file for Duct symbol.,FALSE,FALSE,XM,Mechanical,AECOsim Building Designer - Mechanical,,
BMECH_ANALYZE_LIB,Filename       ,,Sets the path and file name for the analyze flow velocity rules data.,FALSE,FALSE,XM,Mechanical,AECOsim Building Designer - Mechanical,,
BMECH_CAMDUCT_OUT,,,Sets the path and file name for the CamDuct export out file. By default  the file name is CAMDUCT_IMPORT.txt,FALSE,FALSE,XM,Mechanical,AECOsim Building Designer - Mechanical,,
BMECH_DEFAULT_TOLERANCE,,,Sets default value for tolerance angle in the Edit Rule Assignment dialog box.,FALSE,FALSE,XM,Mechanical,AECOsim Building Designer - Mechanical,,
BMECH_DRAWINGSEED_DGNLIBLIST,Filename       ,DGNLIB location,DGNLIB(s) storing Mechanical drawing seeds,TRUE,TRUE,V8i,Mechanical,AECOsim Building Designer - Mechanical,,
BMECH_DUCT_SYMBOLS_LIBNAME,Filename       ,,Sets the path and file name for the insulation library used to populate the pick lists in the Analyze System tool's insulation functionality.,FALSE,FALSE,XM,Mechanical,AECOsim Building Designer - Mechanical,,
BMECH_ENDTYPE_CONSTRUCTION,,,,FALSE,FALSE,XM,Mechanical,AECOsim Building Designer - Mechanical,,
BMECH_FAMILY_DIFFUSER_DEFAULT,None,Default Diffuser Family Name,Set the family of parts used by the HVAC Diffusers.,FALSE,TRUE,V8i,Mechanical,AECOsim Building Designer - Mechanical,,
BMECH_FAMILY_GRILLE_DEFAULT,None,Default Grille Family Name,Set the family of parts used by the HVAC Grilles.,FALSE,TRUE,V8i,Mechanical,AECOsim Building Designer - Mechanical,,
BMECH_FAMILY_HVACEQUIPMENT_DEFAULT,None,Default HVACEquipment Family Name,,FALSE,TRUE,V8i,Mechanical,AECOsim Building Designer - Mechanical,,
BMECH_FAMILY_PLUMBING_DEFAULT,None,Default Plumbing Family Name,Set the family of parts used by the Plumbings.,FALSE,TRUE,XM,Mechanical,AECOsim Building Designer - Mechanical,,
BMECH_FAMILY_PLUMBINGEQUIPMENT_DEFAULT,None,Default PlumbingEquipment Family Name,Set the family of parts used by the Plumbing Equipment.,FALSE,TRUE,XM,Mechanical,AECOsim Building Designer - Mechanical,,
BMECH_FAMILY_PLUMBINGFIXTURE_DEFAULT,None,Default PlumbingFixture Family Name,Set the family of parts used by the Fixtures.,FALSE,TRUE,XM,Mechanical,AECOsim Building Designer - Mechanical,,
BMECH_INSULATION_LIB,,,Sets the path and file name for the insulation library used to populate the pick lists in the Analyze System tool's insulation functionality.,FALSE,FALSE,XM,Mechanical,AECOsim Building Designer - Mechanical,,
BMECH_PLUMBING_SYMBOLS_LIBNAME,Filename       ,Cel File for Plumbing Symbols,Sets the .cel file for Plumbing symbol.,FALSE,FALSE,XM,Mechanical,AECOsim Building Designer - Mechanical,,
BMECH_STANDARDSIZEPATH,Filename       ,Standard Lengths Settings file,Sets the path and file name for the standard lengths settings file which is used to store user defined standard length values for components.,FALSE,FALSE,XM,Mechanical,AECOsim Building Designer - Mechanical,,
BMECH_UNITS_SHOW_MESSAGE,,,,FALSE,FALSE,XM,Mechanical,AECOsim Building Designer - Mechanical,,
BMECHDIR_ARCHITECTURE_LIB,Search Path,,Specifies the path for the library in datagroupcatalogs for architecture components.,FALSE,FALSE,XM,Mechanical,AECOsim Building Designer - Mechanical,,
BMECHDIR_AUTOFITTING_OPTIONS,Search Path,,Sets the path for autofitting options data that specify components from the Datagroup Catalog to be used in various autofitting situations.,FALSE,FALSE,XM,Mechanical,AECOsim Building Designer - Mechanical,,
BMECHDIR_DIFFUSER_LIB,Search Path,,Specifies the path for the datagroupcatalogs library for diffuser components.,FALSE,FALSE,XM,Mechanical,AECOsim Building Designer - Mechanical,,
BMECHDIR_EQUIPMENT_LIB,Search Path,,Specifies the path for the datagroupcatalogs library for equipment components.,FALSE,FALSE,XM,Mechanical,AECOsim Building Designer - Mechanical,,
BMECHDIR_FITTINGS_LIB,Search Path,,Specifies the path for the datagroupcatalogs library for fittings components.,FALSE,FALSE,XM,Mechanical,AECOsim Building Designer - Mechanical,,
BMECHDIR_GRILLS_LIB,Search Path,,Specifies the path for the datagroupcatalogs library for grilles components.,FALSE,FALSE,XM,Mechanical,AECOsim Building Designer - Mechanical,,
BMECHDIR_INLINEDEVICE_LIB,Search Path,,Specifies the path for the datagroupcatalogs library for hvac inline devices.,FALSE,FALSE,XM,Mechanical,AECOsim Building Designer - Mechanical,,
BMECHDIR_PLUMBING_LIB,Search Path,,Specifies the path for the datagroupcatalogs library for plumbing components.,FALSE,FALSE,XM,Mechanical,AECOsim Building Designer - Mechanical,,
HVAC_AHUCELLDIR,Directory,,Specifies Cell directory for Air Handling Units,FALSE,FALSE,V8i,Mechanical,AECOsim Building Designer - Mechanical,,
HVAC_AHUPATH,Search Path,,Sets the path and file name for the air handler DataGroup properties definition file.,FALSE,FALSE,XM,Mechanical,AECOsim Building Designer - Mechanical,,
HVAC_AIRFLOW_STATUS_AUTO,Boolean,,Specifies the behavior of the Mechanical Building Designer HVAC discipline's air flow symbols which are generated in the drawing extraction process.,FALSE,FALSE,XM,Mechanical,AECOsim Building Designer - Mechanical,,
HVAC_ANALYSISLEVELNAME,None,,Sets level name for the center line elements generated by the Analyze Route tool.,FALSE,FALSE,XM,Mechanical,AECOsim Building Designer - Mechanical,,
HVAC_CATALOGPATH,Directory,,Specifies the directory location of Mechanical Building Designer XML files containing component generation instructions and manufacturer catalogs.,FALSE,FALSE,XM,Mechanical,AECOsim Building Designer - Mechanical,,
HVAC_COMPANYSTANDARDS,,,Specifies the directory location of Bentley Building Mechanical Systems company standards.,FALSE,FALSE,XM,Mechanical,Bentley Building Mechanical Systems,,
HVAC_COUNTRY,,,Specifies the country for which Mechanical Building Designer is standardized.,FALSE,FALSE,XM,Mechanical,Bentley Building Mechanical Systems,,
HVAC_COUNTRYSTANDARDS,,,Specifies the directory location of Mechanical Building Designer country standards.,FALSE,FALSE,XM,Mechanical,Bentley Building Mechanical Systems,,
HVAC_CUT_BORDER_LINESTYLE,,,Sets line style for the HVAC discipline's visible air flow symbols that are displayed when components are viewed on end or sectioned in drawing extractions.,FALSE,FALSE,XM,Mechanical,AECOsim Building Designer - Mechanical,,
HVAC_CUT_HIDDEN_LINESTYLE,,,Sets line style for the HVAC discipline's hidden air flow symbols that are displayed when components are viewed on end in drawing extractions.,FALSE,FALSE,XM,Mechanical,AECOsim Building Designer - Mechanical,,
HVAC_DATAGROUPSYSTEM,,,Specifies the directory location of XML files that determine DataGroup property display names and preset property values.,FALSE,FALSE,XM,Mechanical,Bentley Building Mechanical Systems,,
HVAC_DATASET,Directory,,Specifies the path for the active Building product dataset name.,FALSE,FALSE,XM,Mechanical,AECOsim Building Designer - Mechanical,,
HVAC_DATASETNAME,,,Specifies the active Mechanical Building Designer dataset name.,FALSE,FALSE,XM,Mechanical,AECOsim Building Designer - Mechanical,,
HVAC_DIFFUSERPATH,Search Path,,Sets the path and file name for the diffuser DataGroup properties definition file.,FALSE,FALSE,XM,Mechanical,AECOsim Building Designer - Mechanical,,
HVAC_DISCONNECTSLEVELNAME,,,Sets level name for the elements generated by the Analyze Route tool when a disconnect is detected.,FALSE,FALSE,XM,Mechanical,AECOsim Building Designer - Mechanical,,
HVAC_DUCTSYMBOLSLIB,Directory,,Specifies the directory location of cell libraries used in Mechanical Building Designer.,FALSE,FALSE,XM,Mechanical,AECOsim Building Designer - Mechanical,,
HVAC_DUCTSYMBOLSLIBNAME,,,Specifies the file name of cell library used for the Bentley Building Mechanical Systems HVAC discipline's air flow symbols.,FALSE,FALSE,XM,Mechanical,Bentley Building Mechanical Systems,,
HVAC_EXCEL_DIALOG,Directory,,Specifies the active dataset directory location of Excel files used for importing or exporting values for the Mechanical Building Designer components' DataGroup properties.,FALSE,FALSE,XM,Mechanical,AECOsim Building Designer - Mechanical,,
HVAC_FAMILY_DUCT_DEFAULT,None,,Sets default part family name to be made active whenever a Mechanical Building Designer HVAC component is selected for placement and the active part is null.,FALSE,FALSE,XM,Mechanical,AECOsim Building Designer - Mechanical,,
HVAC_FAMILY_INSULATION_DEFAULT,None,,Sets default part family name for the Mechanical Building Designer HVAC discipline's component insulation.,FALSE,FALSE,XM,Mechanical,AECOsim Building Designer - Mechanical,,
HVAC_FITTINGPATH,Filename       ,,Sets the path and file name for the fittings DataGroup properties definition file.,FALSE,FALSE,XM,Mechanical,AECOsim Building Designer - Mechanical,,
HVAC_FIXTURESCELLDIR,Search Path,,Sets the path and file name for the fixture cell files.,FALSE,FALSE,XM,Mechanical,AECOsim Building Designer - Mechanical,,
HVAC_GRILLEPATH,Filename       ,,Sets the path and file name for the grille DataGroup properties definition file.,FALSE,FALSE,XM,Mechanical,AECOsim Building Designer - Mechanical,,
HVAC_NOSPLASH,,,,FALSE,FALSE,XM,Mechanical,Bentley Building Mechanical Systems,,
HVAC_PLUMBINGEQUIPMENTSCELLDIR,Filename       ,,Sets the .cel file path for Plumbing equipment.,FALSE,FALSE,V8i,Mechanical,AECOsim Building Designer - Mechanical,,
HVAC_PROJECTSTANDARDS,,,Specifies the directory location of  Bentley Building Mechanical Systems project standards.,FALSE,FALSE,XM,Mechanical,Bentley Building Mechanical Systems,,
HVAC_STANDARDS,,,Specifies the directory location of  Bentley Building Mechanical Systems standards.,FALSE,FALSE,XM,Mechanical,Bentley Building Mechanical Systems,,
HVAC_STANDARDSMAIN,,,Specifies the directory location of  Bentley Building Mechanical Systems all standards.,FALSE,FALSE,XM,Mechanical,Bentley Building Mechanical Systems,,
HVAC_SYMBOLSCELLDIR,Filename       ,,Sets the .cel file path for HVAC symbols.,FALSE,FALSE,V8i,Mechanical,AECOsim Building Designer - Mechanical,,
HVAC_SYSTEMSTANDARDS,,,Specifies the directory location of  Bentley Building Mechanical Systems system standards.,FALSE,FALSE,XM,Mechanical,Bentley Building Mechanical Systems,,
HVAC_WORKSPACEROOT,,,,FALSE,FALSE,XM,Mechanical,Bentley Building Mechanical Systems,,
HVACDIR_ASSEMBLIES,Directory,,Specifies the directory location for mechanical assemblies in the Program File path.,FALSE,FALSE,XM,Mechanical,AECOsim Building Designer - Mechanical,,
HVACDIR_DATA,Directory,,Specifies the directory location for some of the Mechanical Building Designer interface customization files.,FALSE,FALSE,XM,Mechanical,AECOsim Building Designer - Mechanical,,
HVACDIR_DIALOG,Search Path,,Specifies the directory location of the Mechanical Building Designer customization files pertaining to dialog boxes and option menus.,FALSE,FALSE,XM,Mechanical,AECOsim Building Designer - Mechanical,,
HVACDIR_MDLAPPS,Directory,,Specifies the directory location for various MDL applications associated with Mechanical Building Designer.,FALSE,FALSE,XM,Mechanical,AECOsim Building Designer - Mechanical,,
CLASHDETECTION_ASSEMBLIES,Search Path,,Root location of clash detection assemblies.  (CLASHDETECTION_ASSEMBLIES),FALSE,FALSE,V8i,Microstation,Microstation,,
CLASHDETECTION_DEFAULT_OUTOUT_PATH,Search Path,,Default folder to export clash results. (CLASHDETECTION_DEFAULT_OUTPUT_PATH),FALSE,FALSE,V8i,Microstation,Microstation,,
CLASHDETECTION_DISPLAY_STYLE_BACKGROUND,,,Root lDisplay style of the background against which the clashes are shown. (CLASHDETECTION_DISPLAY_STYLE_BACKGROUND)ocation of clash detection assemblies.  (CLASHDETECTION_ASSEMBLIES),FALSE,FALSE,V8i,Microstation,Microstation,,
CLASHDETECTION_DISPLAY_STYLE_ELEMENTS,,,Root location of clash detection assemblies.  (CLASHDETECTION_ASSEMBLIES),FALSE,FALSE,V8i,Microstation,Microstation,,
CLASHDETECTION_DISPLAY_STYLE_SURROUNDINGS,,,Display style of the immediate clash surroundings. (CLASHDETECTION_DISPLAY_STYLE_SURROUNDINGS),FALSE,FALSE,V8i,Microstation,Microstation,,
CLASHDETECTION_ENGINE_CLASH_DISCOVERY_LIMIT,,,Default maximum number of clashes that will be processed. The value can be modified within the clash job (CLASHDETECTION_ENGINE_CLASH_DISCOVERY_LIMIT),FALSE,FALSE,V8i,Microstation,Microstation,,
CLASHDETECTION_ENGINE_RETAIN_SUPPRESSESD_CLASHES,,,Retains clashes that are suppressed by the rules (retained clashes are marked suppressed). (CLASHDETECTION_ENGINE_RETAIN_SUPPRESSED_CLASHES),FALSE,FALSE,V8i,Microstation,Microstation,,
CLASHDETECTION_RULE_EXTENSION_ASSEMBLIES,,,Rule extension assemblies containing methods used by the various clash rules (.NET).  (CLASHDETECTION_RULE_EXTENSION_ASSEMBLIES),FALSE,FALSE,V8i,Microstation,Microstation,,
CLASHDETECTION_RULE_TEMPLATE_PATHS,Search Path,,Search paths for clash suppression rule templates.  (CLASHDETECTION_RULE_TEMPLATE_PATHS),FALSE,FALSE,V8i,Microstation,Microstation,,
CLASHDETECTION_RULE_TEMPLATE_ROOT,Search Path,,Root location of clash suppression rule templates. (CLASHDETECTION_RULE_TEMPLATE_ROOT),FALSE,FALSE,V8i,Microstation,Microstation,,
CAPABILITY_MODEL_ANNOTATION_SCALE,Capability,,Allow use of model's annotation scale value,FALSE,FALSE,XM,Model- Capability,Microstation,,
CAPABILITY_MODEL_ANNOTATION_SCALE_LOCK,Capability,,allows use of model's annotation scale lock.,FALSE,FALSE,XM,Model- Capability,Microstation,,
CAPABILITY_MODEL_CHANGE_TYPE,Capability,,Allow the model type to be changed,FALSE,FALSE,XM,Model- Capability,Microstation,,
CAPABILITY_MODEL_CREATE_2D,Capability,,Allow the creation of 2D models,FALSE,FALSE,XM,Model- Capability,Microstation,,
CAPABILITY_MODEL_CREATE_3D,Capability,,Allow the creating of 3D models,FALSE,FALSE,XM,Model- Capability,Microstation,,
CAPABILITY_MODEL_CREATE_DESIGN,Capability,,Allow the creation of new design models,FALSE,FALSE,XM,Model- Capability,Microstation,,
CAPABILITY_MODEL_CREATE_DRAWING,Capability,,Allow the creation of new drawing models,FALSE,FALSE,XM,Model- Capability,Microstation,,
CAPABILITY_MODEL_CREATE_SHEET,Capability,,Allow the creation of new sheet models,FALSE,FALSE,XM,Model- Capability,Microstation,,
CAPABILITY_MODEL_DELETE_DESIGN,Capability,,Allow the deletion of design models,FALSE,FALSE,XM,Model- Capability,Microstation,,
CAPABILITY_MODEL_DELETE_DRAWING,Capability,,Allow the deletion of drawing models,FALSE,FALSE,XM,Model- Capability,Microstation,,
CAPABILITY_MODEL_DELETE_LAST_DESIGN,Capability,,Allow the deletion of the last design model,FALSE,FALSE,XM,Model- Capability,Microstation,,
CAPABILITY_MODEL_DELETE_LAST_DRAWING,Capability,,Allow the deletion of the last drawing model,FALSE,FALSE,XM,Model- Capability,Microstation,,
CAPABILITY_MODEL_DELETE_LAST_SHEET,Capability,,Allow the deletion of the last sheet model,FALSE,FALSE,XM,Model- Capability,Microstation,,
CAPABILITY_MODEL_DELETE_SHEET,Capability,,Allow the deletion of sheet models,FALSE,FALSE,XM,Model- Capability,Microstation,,
CAPABILITY_MODEL_DISPLAY_SHEETLAYOUT,Capability,,allows change of sheet layout display.,FALSE,FALSE,XM,Model- Capability,Microstation,,
CAPABILITY_MODEL_EDIT_PROPERTIES_DESIGN,Capability,,Allow editing the properties of design models,FALSE,FALSE,XM,Model- Capability,Microstation,,
CAPABILITY_MODEL_EDIT_PROPERTIES_DRAWING,Capability,,Allow editing the properties of drawing models,FALSE,FALSE,XM,Model- Capability,Microstation,,
CAPABILITY_MODEL_EDIT_PROPERTIES_SHEET,Capability,,Allow editing the properties of sheet models,FALSE,FALSE,XM,Model- Capability,Microstation,,
CAPABILITY_MODEL_PLACE_AS_CELL,Capability,,allows model to be placed as cell.,FALSE,FALSE,XM,Model- Capability,Microstation,,
CAPABILITY_MODEL_UNITS_IN_SHEET,Capability,,allows setting units in sheet models.,FALSE,FALSE,XM,Model- Capability,Microstation,,
CAPABILITY_MODEL_WITHOUT_VIEWGROUP,Capability,,Allow model to be created without also creating a viewgroup,FALSE,FALSE,XM,Model- Capability,Microstation,,
MCS_APPS,NONE           ,,,FALSE,FALSE,XM,Model Control System,Building Platform - TriForma,,
MCS_CAD_CONNECTION_ARGS,,Create Object Model            ,Arguments to create object model. (MCS_CAD_CONNECTION_ARGS),FALSE,TRUE,XM,Model Control System,Building Platform - TriForma,,
MCS_PROJDIR,,,,FALSE,FALSE,XM,Model Control System,Building Platform - TriForma,,
MCS_USER_ATTRIB_D_STATUS_VAL,NONE           ,,. (MCS_USER_ATTRIB_D_STATUS_VAL),FALSE,FALSE,XM,Model Control System,Building Platform - TriForma,,
MCS_USER_ATTRIB_DB_BUILD_VAL,,,. (MCS_USER_ATTRIB_DB_BUILD_VAL),FALSE,FALSE,XM,Model Control System,Building Platform - TriForma,,
MCS_USER_ATTRIB_ORIG_DES_VAL,,,. (MCS_USER_ATTRIB_ORIG_DES_VAL),FALSE,FALSE,XM,Model Control System,Building Platform - TriForma,,
MCS_USER_CHECKOUT_CLAUSE,,,SQL format clause for filtering components during MCS Check Out. (MCS_USER_CHECKOUT_CLAUSE),FALSE,FALSE,XM,Model Control System,Building Platform - TriForma,,
MCS_USER_VERIFY_ELEMENT_ATTRIB_NAME,,,Variable to verify value of during MCS Check In. (MCS_USER_VERIFY_ELEMENT_ATTRIB_NAME),FALSE,FALSE,XM,Model Control System,Building Platform - TriForma,,
MCS_USER_VERIFY_ELEMENT_ATTRIB_VAL,,,Reject components not satisfying this value for attribute specified by MCS_USER_VERIFY_ELEMENT_ATTRIB_NAME during MCS Check In. (MCS_USER_VERIFY_ELEMENT_ATTRIB_VAL),FALSE,FALSE,XM,Model Control System,Building Platform - TriForma,,
MODLCTRLDEBUG,,MCS diagnostics                ,If defined  print diagnostic messages. (MODLCTRLDEBUG),FALSE,TRUE,XM,Model Control System,Building Platform - TriForma,,
POBJENG_CMDFILE,,,,FALSE,FALSE,XM,Model Control System,Building Platform - TriForma,,
POBJENG_CNVDEC,NONE           ,,,FALSE,FALSE,XM,Model Control System,Building Platform - TriForma,,
POBJENG_DBF,,,,FALSE,FALSE,XM,Model Control System,Building Platform - TriForma,,
POBJENG_DBLINKFILE,,,,FALSE,FALSE,XM,Model Control System,Building Platform - TriForma,,
POBJENG_DGN,,,Location for dgn's used by object engine and interference manager. (POBJENG_DGN),FALSE,FALSE,XM,Model Control System,Building Platform - TriForma,,
POBJENG_JSM,,,,FALSE,FALSE,XM,Model Control System,Building Platform - TriForma,,
POBJENG_LIBS,,,,FALSE,FALSE,XM,Model Control System,Building Platform - TriForma,,
POBJENG_RPTFILE,,,,FALSE,FALSE,XM,Model Control System,Building Platform - TriForma,,
POBJENG_USERAPPS,,,,FALSE,FALSE,XM,Model Control System,Building Platform - TriForma,,
PROJECT_VOL_FILE,,Project Volume File            ,Project volume file. (PROJECT_VOL_FILE),FALSE,TRUE,XM,Model Control System,Building Platform - TriForma,,
PS_ARCHIVE,,MCS Archive folder             ,Location to save files checked-in or appended. (PS_ARCHIVE),FALSE,TRUE,XM,Model Control System,Building Platform - TriForma,,
PS_EDITOR,NONE           ,Text File Editor               ,Application that is used to edit text files.,FALSE,TRUE,XM,Model Control System,Building Platform - TriForma,,
PS_NOT_CHECKED_IN,Directory      ,MCS Failed Folder              ,Location to save elements that did not check-in. (PS_NOT_CHECKED_IN),FALSE,TRUE,XM,Model Control System,Building Platform - TriForma,,
PS_PROJ_MCS_QUERY,NONE           ,Saved Query files              ,Location of saved queries used for checkout or snapshot. (PS_PROJ_MCS_QUERY),FALSE,TRUE,XM,Model Control System,Building Platform - TriForma,,
PS_REF,Directory      ,Reference files                ,Reference file location. (PS_REF),FALSE,TRUE,XM,Model Control System,Building Platform - TriForma,,
PS_VOLUME,Directory      ,Volume file location           ,Volume file path. (PS_VOLUME),FALSE,TRUE,XM,Model Control System,Building Platform - TriForma,,
PSOBJAPPENDOPTS,Directory      ,Object Append                  ,Arguments to object append. (PSOBJAPPENDOPTS),FALSE,TRUE,XM,Model Control System,Building Platform - TriForma,,
MS_OLESERVE_EMBED_REFFILES,Filename       ,Embed References               ,If set - References will be embedded along with the main dgn file. (MS_OLESERVE_EMBED_REFFILES),FALSE,TRUE,XM,OLE Server,Microstation,,
SUPMOD_CREATE_LOG_FILE,,,,FALSE,FALSE,XM,Plantspace,Support Modeler,,
SUPMOD_DOC_DIR,,,,FALSE,FALSE,XM,Plantspace,Support Modeler,,
SUPMOD_FOLDER_NAMES,,,,FALSE,FALSE,XM,Plantspace,Support Modeler,,
SUPMOD_LIB_DIR,,,,FALSE,FALSE,XM,Plantspace,Support Modeler,,
SUPMOD_MDL_DIR,,,,FALSE,FALSE,XM,Plantspace,Support Modeler,,
SUPMOD_PROD_DIR,,,,FALSE,FALSE,XM,Plantspace,Support Modeler,,
SUPMOD_SEED_DIR,,,,FALSE,FALSE,XM,Plantspace,Support Modeler,,
SUPMOD_TEMP,,,,FALSE,FALSE,XM,Plantspace,Support Modeler,,
SUPMOD_TUTORIAL_ROOT,,,,FALSE,FALSE,XM,Plantspace,Support Modeler,,
SUPMOD_USE_FILE_FOR_LARGE_SCRIPTS,,,,FALSE,FALSE,XM,Plantspace,Support Modeler,,
_USTN_HOMEPREFS,,Local Preferences Directory    ,Defines the location of home (or local) preferences. (_USTN_HOMEPREFS),TRUE,FALSE,XM,Prefs,Microstation,,
_USTN_PREFNAMEBASE,Filelist       ,,,FALSE,FALSE,XM,Prefs,Microstation,,
ATFDIR_PREFS,Directory      ,User Preferences               ,Location of preference file atfprefs.rsc  which stores user preferences specific to Architectural Building Designer tools. ,FALSE,TRUE,XM,Prefs,AECOsim Building Designer - Architectural,,
BB_TASKDOCKINGPREF,,,,FALSE,FALSE,XM,Prefs,Building Platform - TriForma,,
DS_ILJOIN_PREFERENCES,,,Preferences for IL Join command. (DS_ILJOIN_PREFERENCES),FALSE,FALSE,XM,Prefs,PlantSpace,,
GC_DOCKINGPREFSEED,,,,FALSE,FALSE,XM,Prefs,Generative Components,,
HVACDIR_PREFS,Directory,,Specifies the directory location for the Mechanical Building Designer preference file.,FALSE,FALSE,XM,Prefs,AECOsim Building Designer - Mechanical,,
MS_COMPRESS_USER_PREFS,Filelist       ,,,FALSE,FALSE,XM,Prefs,Microstation,,
MS_DOCKINGPREF,Boolean        ,,is the loation of XML files for user based docking preferences.,FALSE,FALSE,XM,Prefs,Microstation,,
MS_GROUPPANELPREF,,,defines the location of the file that stores the saved state of group panels in various dialogs. These include dialogs such as View Attributes  and stores the open state of the groups  as well as any custom settings that the dialog can associate with the ,FALSE,FALSE,XM,Prefs,Microstation,,
MS_TASKDIALOGPREF,Directory      ,,defines the location of the file used to store preferences about the Tasks dialog between sessions. This file stores info such as the last active task  the last active task dialog  and the task layout mode. Users should not modify this file.,FALSE,FALSE,XM,Prefs,Microstation,,
MS_USERPREF,Keyword        ,User Preference Resource       ,Name of user preference resource file. (MS_USERPREF),TRUE,FALSE,XM,Prefs,Microstation,,
TFDIR_PREFS,Search Path    ,Building Designer Preference File Loc   ,Location of Building Designer preference file. (TFDIR_PREFS),FALSE,TRUE,XM,Prefs,Building Platform - TriForma,,
MS_BATCHPLT_JOBSET_DIR,Filelist       ,Batch Print Job Directory      ,Name of the directory containing batch printing job files.  Defining this variable may be useful if different batch print job directories are used for different workspaces.  If this variable is undefined  the batch print 'open' and 'save as' dialogs will,FALSE,TRUE,XM,Printing,Microstation,,
MS_BATCHPLT_SPECS,,Batch Print Specifications     ,Name of the .spc file containing batch printing specifications. (MS_BATCHPLT_SPECS),FALSE,TRUE,XM,Printing,Microstation,,
MS_BATCHPRINT_ADD_ALL_MODELS,Directory      ,Batch Print Add All Models     ,If MS_BATCHPRINT_ADD_ALL_MODELS is set to '0'  Batch Print will not add multiple entries  one per model  to the job set when a design file is added.  The default is '1'.,FALSE,TRUE,XM,Printing,Microstation,,
MS_BATCHPRINT_ADD_ONLY_DESIGN_MODELS,Filename       ,Batch Print Add Design Models  ,If MS_BATCHPRINT_ADD_ONLY_DESIGN_MODELS is set to '1'  Batch Print will only add design models to the job set when a design file is added.  The default is '0'.,FALSE,TRUE,XM,Printing,Microstation,,
MS_BATCHPRINT_ADD_ONLY_SHEET_MODELS,Keyword        ,Batch Print Add Sheet Models   ,If MS_BATCHPRINT_ADD_ONLY_SHEET_MODELS is set to '1'  Batch Print will only add sheet models to the job set when a design file is added.  The default is '0'.,FALSE,TRUE,XM,Printing,Microstation,,
MS_BATCHPRINT_LOGFILE,Keyword        ,Batch Print Log File           ,Used to set the name of the batch printing log file. (MS_BATCHPRINT_LOGFILE),FALSE,TRUE,XM,Printing,Microstation,,
MS_BATCHPRINT_NO_READONLY,Keyword        ,Batch Print Read/Write Mode    ,If MS_BATCHPRINT_NO_READONLY is set to '1'  Batch Print will not open design files in read-only mode.  This may be necessary for some workflows.  By default  Batch Print opens all files in read-only mode to prevent any inadvertent modification.,FALSE,TRUE,XM,Printing,Microstation,,
MS_PENTABLE,,Pen Table Search Path          ,Search path for pen tables. (MS_PENTABLE),FALSE,TRUE,XM,Printing,Microstation,,
MS_PENTABLE_DISABLECOLOR,Search Path    ,Pen Table Disable Color        ,A disabled section in a pentable is shown in medium gray by default. You can modify the disabled color by setting this configuration variable to one of these numbers: blue=1; red=4; magenta=5; light-gray=8; medium-gray=10; turquoise=13; dark-green=14; ma,FALSE,TRUE,XM,Printing,Microstation,,
MS_PENTABLE_IMPORTCTB_NOPENMAP,Search Path    ,Pen Table Import Pen Maps      ,By default  the pen table creates printer driver pen maps when importing CTB files.  This permits proper color-to-width resymbolization of multi-colored elements.  The legacy  element-output-action-based behavior may be restored by setting the MS_PENTABL,FALSE,TRUE,XM,Printing,Microstation,,
MS_PENTABLE_IMPORTEMPTYSECTIONS,Boolean        ,Import Empty Pen Table Sections ,By default  during AutoCAD plot style table import  pen table sections which have no effect (the settings are default) are ignored. Setting this variable to 1 will cause empty sections to be created. (MS_PENTABLE_IMPORTEMPTYSECTIONS),FALSE,TRUE,XM,Printing,Microstation,,
MS_PENTABLE_SEARCH_LEVEL_LIBRARIES,Boolean        ,Pen Table Search Level Libs    ,if this variable is set to 0  level libraries are not included when searching for level names defined in the pen table.,FALSE,TRUE,XM,Printing,Microstation,,
MS_PENTABLE_SLOTNUM_MATCH_APPLIES_TO_CHILD,Boolean        ,Pen Table Slot Number Match    ,By default  a pen table reference slot number match applies to both a parent reference and its children. If MS_PENTABLE_SLOTNUM_MATCH_APPLIES_TO_CHILD is set to 0  then the slot number match applies only to the parent reference.,FALSE,TRUE,XM,Printing,Microstation,,
MS_PLNONAME,,Exclude Dgn Name from Plot     ,If set  the RTL/PCL drivers will not insert the DGN name in the output file. Adding the DGN name should allow a printer to display the name in its front panel window  etc. but setting this variable will allow the feature to be disabled  since some printe,FALSE,TRUE,XM,Printing,Microstation,,
MS_PLOTDLG_DEF_PENTABLE,,Default Pen Table              ,Defines a default pen table that is loaded when you open the Print dialog box. (MS_PLOTDLG_DEF_PENTABLE),FALSE,TRUE,XM,Printing,Microstation,,
MS_PLOTDLG_DEF_PLTFILE,Boolean        ,Force Default Printer Driver   ,If this variable is set to a printer driver configuration filename  that file (instead of the last used one) will be loaded when you open the Print dialog box. (MS_PLOTDLG_DEF_PLTFILE),FALSE,TRUE,XM,Printing,Microstation,,
MS_PLOTINI,Filename       ,Print Config Search Path       ,Search path for saved print configuration (.ini) files. (MS_PLOTINI),FALSE,TRUE,XM,Printing,Microstation,,
MS_PLT_ABBREVIATE_BORDER_FILENAME,Filename       ,Abbreviate Border Filename     ,if this variable is set to 0  the file names included in the plot border text are not abbreviated.,FALSE,TRUE,XM,Printing,Microstation,,
MS_PLT_APPLY_COLOR_MODE_TO_RASTER,Search Path    ,Apply Color Mode to Raster     ,if this variable is set to 0  the print engine does not apply the color mode specified in the plot description to raster data.,FALSE,TRUE,XM,Printing,Microstation,,
MS_PLT_AREA_PRIORITY,Keyword        ,Print Area Priority            ,If MS_PLT_AREA_PRIORITY is set to '1'  sheet definitions in the model take priority over the active fence.  New fences are ignored when the print area mode is sheet.  This is the default setting. If this variable is set to '2'  the active fence takes pri,FALSE,TRUE,XM,Printing,Microstation,,
MS_PLT_AUTO_FIT_VIEW,Keyword        ,Automatically Fit View         ,If MS_PLT_AUTO_FIT_VIEW is set to '1' or '2'  the print dialog automatically sets the print area mode to 'Fit Master' or 'Fit All' respectively when first invoked (and a fence or sheet is not defined). Otherwise  the print area mode is set to 'View'.,FALSE,TRUE,XM,Printing,Microstation,,
MS_PLT_DEFAULT_OUTPUT_FILENAME_EXPRESSION,Keyword        ,,overrides the software's default output file name expression.,FALSE,FALSE,XM,Printing,Microstation,,
MS_PLT_DEFAULT_PRINTDEF_NAME_EXPRESSION,Keyword        ,,overrides the software's default print definition name expression.,FALSE,FALSE,XM,Printing,Microstation,,
MS_PLT_ENABLE_AUTO_ORIENT,,Enable Automatic Orientation   ,If MS_PLT_ENABLE_AUTO_ORIENT is set to '0'  the print dialog does not automatically change the paper orientation in order to achieve a best fit. This variable only applies to system printers.,FALSE,TRUE,XM,Printing,Microstation,,
MS_PLT_ENABLE_AUTO_ROTATE,,Enable Automatic Rotation      ,If MS_PLT_ENABLE_AUTO_ROTATE is set to '0'  the print dialog does not automatically change the plot rotation in order to achieve a best fit. This variable only applies to Bentley plotter drivers.,FALSE,TRUE,XM,Printing,Microstation,,
MS_PLT_ENABLE_PRESERVE_SCALE,Keyword        ,Enable Preserve Scale          ,If MS_PLT_ENABLE_PRESERVE_SCALE is set to '0'  the plot dialog does not attempt to preserve the current plot scale when a new view  fence  or paper size is selected.,FALSE,TRUE,XM,Printing,Microstation,,
MS_PLT_ENABLE_SCALE_CLIPPING,Keyword        ,Enable Scale Clipping          ,If MS_PLT_ENABLE_SCALE_CLIPPING is set to '0'  the plot dialog does not reduce the plot fence or sheet size in order to accommodate the user-or-sheet-specified scale factor.,FALSE,TRUE,XM,Printing,Microstation,,
MS_PLT_FIT_RASTER_REFS,Keyword        ,Fit with Raster Refs           ,If MS_PLT_FIT_RASTER_REFS is set to '1'  the print dialog includes raster references when computing the design range for the Fit print area modes.  By default  it does not.,FALSE,TRUE,XM,Printing,Microstation,,
MS_PLT_FORCE_HARDWARE_TEXT,Keyword        ,Force Hardware Text            ,If MS_PLT_FORCE_HARDWARE_TEXT is set to 1  some text that otherwise would be stroked in software is sent to the printer driver as hardware text.  These conditions include rotated  slanted  mirrored  and vertical text.  Note that it is likely the text wil,TRUE,TRUE,XM,Printing,Microstation,,
MS_PLT_FORM_SCALE_PRIORITY,Keyword        ,Form Scale Priority            ,If MS_PLT_FORM_SCALE_PRIORITY is set to '1'  the default form scale specified in the printer driver configuration is re-applied whenever the paper size changes.  By default  the current print scale is preserved.,FALSE,TRUE,XM,Printing,Microstation,,
MS_PLT_HONOR_SHEET_INFO,Keyword        ,Honor Sheet Definitions        ,The MS_PLT_HONOR_SHEET_INFO variable can be used to prevent the plot dialog from applying sheet attributes stored in the model when it creates a plot description.  Normally  if sheet attributes are present  the plot will default to PlotArea=Sheet and the,FALSE,TRUE,XM,Printing,Microstation,,
MS_PLT_INVERT_WHITE_COLORS,Keyword        ,Invert White-to-Black Colors   ,The MS_PLT_INVERT_WHITE_COLORS variable allows you to override the colors that are automatically inverted from white to black if necessary.  If this variable is not defined  the default inverted color numbers are 0 and/or 7  depending on the drawing file,FALSE,TRUE,XM,Printing,Microstation,,
MS_PLT_MAX_ON_NEW_AREA,Keyword        ,Maximize on New Print Area     ,If MS_PLT_MAX_ON_NEW_AREA is set to '1'  the print size is automatically maximized when the print area is changed.  This includes when a view number is selected or a fence is placed. By default  the current print scale is preserved.,FALSE,TRUE,XM,Printing,Microstation,,
MS_PLT_PREVIEW_PLOTBOXCOLOR,Keyword        ,Preview Plot Rectangle Color   ,MS_PLT_PREVIEW_PLOTBOXCOLOR specifies the color of the print bounding box rectangle in the preview window. If zero  the rectangle is not drawn. For legal values  see the description for MS_PENTABLE_DISABLECOLOR.,FALSE,TRUE,XM,Printing,Microstation,,
MS_PLT_PREVIEW_PLOTFENCECOLOR,Keyword        ,Preview Plot Fence Color       ,MS_PLT_PREVIEW_PLOTFENCECOLOR specifies the color of the print fence shape in the preview window. If zero  the shape is not drawn. For legal values  see the description for MS_PENTABLE_DISABLECOLOR.,FALSE,TRUE,XM,Printing,Microstation,,
MS_PLT_PREVIEW_USABLEAREACOLOR,Keyword        ,Preview Usable Area Color      ,MS_PLT_PREVIEW_USABLEAREACOLOR specifies the color of the usable area rectangle in the preview window. If zero  the rectangle is not drawn. For legal values  see the description for MS_PENTABLE_DISABLECOLOR.,FALSE,TRUE,XM,Printing,Microstation,,
MS_PLT_SCALE_METHOD,Keyword        ,Scale Method                   ,The MS_PLT_SCALE_METHOD determines how the print scale is displayed in the print dialog.  This variable overrides the corresponding user preference.  The following values are recognized: '1': the scale display is paper-to-design format (default). '2': th,FALSE,TRUE,XM,Printing,Microstation,,
MS_PLT_SET_LAYOUT_FROM_SHEET,Keyword        ,Honor Sheet Layout Info        ,if this variable is set to 0  the Print dialog layout is not automatically set when a sheet definition is loaded and the current print area is Sheet.,FALSE,TRUE,XM,Printing,Microstation,,
MS_PLT_SET_PLOT_STYLE_TABLE_FROM_SHEET,Keyword        ,Honor Sheet Plot Style Table   ,if this variable is set to 0  plot style tables specified in the sheet definition are not attached to the plot.,FALSE,TRUE,XM,Printing,Microstation,,
MS_PLT_SET_PRINTER_FROM_SHEET,Keyword        ,Honor Sheet Printer            ,If MS_PLT_SET_PRINTER_FROM_SHEET is set to '1'  the default print dialog printer is taken from the active sheet definition (if present).,FALSE,TRUE,XM,Printing,Microstation,,
MS_PLT_SET_UNITS_FROM_SHEET,Keyword        ,Set Units from Sheet           ,if this variable is set to 0  the Print dialog’s units are not automatically set from the sheet definition when the current print area is Sheet.,FALSE,TRUE,XM,Printing,Microstation,,
MS_PLT_SHOW_PRINT_STATUS,Keyword        ,Show Print Status Dialog       ,if on  a print status dialog opens when a job is being printed. You can cancel the print job.,FALSE,TRUE,XM,Printing,Microstation,,
MS_PLT_SYSPRT_DEFAULT_FORM,Keyword        ,Default Windows Form Name      ,MS_PLT_SYSPRT_DEFAULT_FORM allows you to specify the form name that is selected when a default system printer is opened. ,FALSE,TRUE,XM,Printing,Microstation,,
MS_PLT_SYSPRT_DEFAULT_PRINTER,Keyword        ,Default Windows Printer Name   ,MS_PLT_SYSPRT_DEFAULT_PRINTER allows you to specify the printer name that is selected when a default system printer is opened. ,FALSE,TRUE,XM,Printing,Microstation,,
MS_PLT_SYSPRT_DEFAULT_TRAY,Keyword        ,Default Windows Tray Name      ,MS_PLT_SYSPRT_DEFAULT_TRAY allows you to specify the tray name that is selected when a default system printer is opened.,FALSE,TRUE,XM,Printing,Microstation,,
MS_PLT_SYSPRT_PLTFILE,Keyword        ,Default Windows Printer Driver ,If this variable is set to a fully-qualified printer driver configuration filename  then that file will be used when Windows Printer is selected in the Print dialog box. (MS_PLT_SYSPRT_PLTFILE),FALSE,TRUE,XM,Printing,Microstation,,
MS_PLT_THUMBNAIL_PREVIEW_TIMEOUT,Keyword        ,Thumbnail Preview Timeout      ,controls how long the thumbnail preview in the Print dialog paints before stopping to allow the rest of the dialog to refresh. The default is 10 seconds.,FALSE,TRUE,XM,Printing,Microstation,,
MS_PLT_UPDATE_FIELDS,Filename       ,,controls when fields are updated prior to printing or previewing. If set to 0 or undefined  fields are not updated prior to either printing or previewing. If set to 1  fields are updated prior to printing. If set to 2  fields are updated prior to both pri,FALSE,FALSE,XM,Printing,Microstation,,
MS_PLT_USE_HARDWARE_PHONG,Keyword        ,Print Phong using Hardware     ,If MS_PLT_USE_HARDWARE_PHONG is set to '1'  the print engine uses the graphics card to render Phong view modes and reference presentation states.  Otherwise  the MicroStation software renderer is used.  The default is to use the software renderer  which ,FALSE,TRUE,XM,Printing,Microstation,,
MS_PLT_USE_MRU_DEFAULTS,,Enable 'Last Used' Defaults    ,The MS_PLT_USE_MRU_DEFAULTS variable is a convenient way to disable use of most-recently-used default files and directories throughout the plotting system.  Normally  MRU locations are used instead of configuration variables when Open or Save dialogs are,TRUE,TRUE,XM,Printing,Microstation,,
MS_PLT_USE_VIEW_BACKGROUND_COLOR_FOR_RENDER,Keyword        ,Render with View BG Color      ,if this variable is set to 1  the print engine does not change the background color for the plot when rendering.,FALSE,TRUE,XM,Printing,Microstation,,
MS_PLTCFG_PATH,Keyword        ,,Specifies the search path for printer driver configuration (.pltcfg or .plt) files.,FALSE,FALSE,XM,Printing,Microstation,,
MS_PLTDLG_ALLOW_FORM_SIZE_EDIT,Keyword        ,Allow Form Size Edits          ,if this variable is set to 1  the size of the selected form may be modified via the Print dialog.,FALSE,TRUE,XM,Printing,Microstation,,
MS_PLTDLG_CLOSE_AFTER_PLOT,,Close Print Dialog After Plot  ,if this variable is set to 1  the Print dialog closes automatically after a print job is performed successfully.,FALSE,TRUE,XM,Printing,Microstation,,
MS_PLTDLG_DISABLE_PREFERENCES_DIALOG,Keyword        ,Disable Plotdlg Preferences    ,if this variable is set to 1  the Preferences menu item is not displayed on the Settings menu.,FALSE,TRUE,XM,Printing,Microstation,,
MS_PLTDLG_ENABLE_SAVE_CONFIG,Keyword        ,Enable Save Configuration      ,If MS_PLTDLG_ENABLE_SAVE_CONFIG is set to '0'  the print dialog save configuration menu items are disabled.,FALSE,TRUE,XM,Printing,Microstation,,
MS_PLTDLG_FORCEOUTDIR,Keyword        ,Force Output Directory         ,MS_PLTDLG_FORCEOUTDIR may be used to specify the output directory for plot files  if not specified in the printer driver configuration file or on the keyin command. The variable takes precedence over the most-recently-used directory stored in the user pr,FALSE,TRUE,XM,Printing,Microstation,,
MS_PLTDLG_KEEPVIEWFLAGSONFENCECHANGE,Keyword        ,Keep View Flags on New Fence   ,When a new fence is placed  the print dialog obtains new view information from the view the fence was placed in  and resets the print attributes if the new fence view is different than the current print view.  However  if MS_PLTDLG_KEEPVIEWFLAGSONFENCECH,FALSE,TRUE,XM,Printing,Microstation,,
MS_PLTDLG_SETUPSYSPRT_ENABLE_PRINT,Directory      ,Enable Setup Sysprinter Print  ,MS_PLTDLG_SETUPSYSPRT_ENABLE_PRINT can be used to control the print behavior of the 'Configure Windows Printer' icon on the print dialog. By default  the print button on the Windows Print dialog in this mode saves printer driver changes without submittin,FALSE,TRUE,XM,Printing,Microstation,,
MS_PLTDLG_SHOW_ACCURATE_PREVIEW_ROTATION,Boolean        ,Preview Accurate Rotation      ,if this variable is set to 1  the Preview dialog displays the plot in its current rotation.,FALSE,TRUE,XM,Printing,Microstation,,
MS_PLTDLG_SHOW_BASIC_LAYOUT_CONTROLS,Keyword        ,Basic Layout Controls          ,if this variable is set to 1  the Print dialog’s Rotation field and Mirror option menu are hidden. The orthogonal print Rotation option menu is displayed instead.,FALSE,TRUE,XM,Printing,Microstation,,
MS_PLTDLG_TRANSPARENCY_OVERRIDE,Keyword        ,,sets the Print dialog’s transparency print attribute to a value other than the one obtained from the view.,FALSE,FALSE,XM,Printing,Microstation,,
MS_PLTDLG_TRANSPARENCYOVERRIDE,Keyword        ,Plotdlg Transparency Override  ,MS_PLTDLG_TRANSPARENCYOVERRIDE can be used to set the print dialog's transparency print attribute automatically to a value other than the one obtained from the view.  The override is applied whenever print dialog settings are obtained from the view.  The,FALSE,TRUE,XM,Printing,Microstation,,
MS_PLTDLG_UNLOADONCLOSE,,Unload Print Dialog on Close   ,Controls whether the print dialog is unloaded when its window is closed. If '1' or undefined  the print dialog application unloads itself when its dialog is closed  and all settings revert to their defaults when the dialog is reopened.  If this variable ,FALSE,TRUE,XM,Printing,Microstation,,
MS_PLTDLG_WEIGHTOVERRIDE,Keyword        ,Plotdlg Weight Override        ,MS_PLTDLG_WEIGHTOVERRIDE can be used to set the print dialog's weight print attribute automatically to a value other than the one obtained from the view.  This is may be desirable when plotting DWG files (which typically do not have weights turned on) wi,FALSE,TRUE,XM,Printing,Microstation,,
MS_PLTFILE_EDITOR,Keyword        ,Printer Configuration Editor   ,Fully qualified name of a text editor to use when the print dialog's 'File / Edit Printer Driver Configuration' menu item is activated. For example  set the value to 'notepad.exe' (without the quote marks) to use the Windows notepad text editor.  If this,FALSE,TRUE,XM,Printing,Microstation,,
MS_PLTFILES,Keyword        ,Default Output Directory       ,Default output directory for plot files  if the most-recently-used directory is not defined. (MS_PLTFILES),FALSE,TRUE,XM,Printing,Microstation,,
MS_PLTR,Filename       ,Default Printer Driver File    ,Name of the default printer driver configuration (.pltcfg or .plt) file  if the most-recently-used file is not defined.  Note that in some circumstances  this variable is used both as a search path and as a default printer driver configuration file. (MS_,FALSE,TRUE,XM,Printing,Microstation,,
MS_PRINTDEF_PATH,Filename       ,,specifies the search path for print definition (.pset or .ini) files.,FALSE,FALSE,XM,Printing,Microstation,,
_PWCUSTOMINTEGRATION,,,,FALSE,FALSE,XM,ProjectWise,,,
PW_DISABLE_INTEGRATION,,,,FALSE,FALSE,XM,ProjectWise,,,
PW_DONT_RESOLVE_APPLICATION,,,,FALSE,FALSE,XM,ProjectWise,,,
PW_DONT_WARN_ON_REFERENCE_MODIFY,,,,FALSE,FALSE,XM,ProjectWise,,,
PW_INITAPPS,,,,FALSE,FALSE,XM,ProjectWise,,,
PW_LINKSET_TIMER,,,,FALSE,FALSE,XM,ProjectWise,,,
PW_MDLAPPS_SUBDIR,,,,FALSE,FALSE,XM,ProjectWise,,,
PW_REFERENCE_MODE,,,,FALSE,FALSE,XM,ProjectWise,,,
PW_REFERENCE_TIMER,,,,FALSE,FALSE,XM,ProjectWise,,,
PW_REFMANAGER_DONT_CHECK_REFERENCE_STATUS_ONSTART,,,,FALSE,FALSE,XM,ProjectWise,,,
PW_RESOLVEREFERENCES,,,,FALSE,FALSE,XM,ProjectWise,,,
PW_TITLEBLOCKS_ENABLE_PRESCANNING,,,,FALSE,FALSE,XM,ProjectWise,,,
PW_TITLEBLOCKS_ENABLE_PROGRESSBAR,,,,FALSE,FALSE,XM,ProjectWise,,,
PW_TITLEBLOCKS_NO_UPDATE_ON_REFRELOAD,,,,FALSE,FALSE,XM,ProjectWise,,,
PW_TITLEBLOCKS_SKIP_TAGS_IN_REFERENCES,,,,FALSE,FALSE,XM,ProjectWise,,,
PW_VERIFY_FOR_DELETED_REFS,,,,FALSE,FALSE,XM,ProjectWise,,,
PW_WORKDIR,,,,FALSE,FALSE,XM,ProjectWise,,,
PWDIR,,,,FALSE,FALSE,XM,ProjectWise,,,
KS_BOLT_DISPLAYMODE,,,,,,V8i,ProStructures,,,
KS_HOLE_DISPLAYMODE,,,,,,V8i,ProStructures,,,
KS_STRUCOBJ_DISPLAYMODE,,,,,,V8i,ProStructures,,,
KS_WORKFRAME_DISPLAYMODE,,,,,,V8i,ProStructures,,,
MS_PROTECTION_ENABLE,,Enable file protection         ,Set to 0 to disable file protection.,FALSE,FALSE,XM,Protection,Microstation,,
MS_PROTECTION_LICENSE_ENABLE,,Control license creation       ,Set to 0 to disable license creation.,FALSE,FALSE,XM,Protection,Microstation,,
MS_PROTECTION_NOENCRYPT_PROPERTIES,Keyword        ,Do NOT encrypt file properties? ,Set to 1 to tell the Protect command to leave file properties unencrypted or 0 to allow Protect to encrypte file properties. The default is 0 (encrypt). (MS_PROTECTION_NOENCRYPT_PROPERTIES),FALSE,FALSE,XM,Protection,Microstation,,
MS_PROTECTION_NOENCRYPT_THUMBNAIL,Keyword        ,Do NOT encrypt file thumbnail? ,Set to 1 to tell the Protect command to leave the file thumbnail unencrypted or 0 to allow Protect to encrypt the thumbnail. The default is 0 (encrypt). (MS_PROTECTION_NOENCRYPT_THUMBNAIL),FALSE,FALSE,XM,Protection,Microstation,,
MS_PROTECTION_PASSWORD_MINIMUM,Keyword        ,Minimum length of password     ,Sets the minimum length of a file protection password. The maximum is 80. The default is 5. (MS_PROTECTION_PASSWORD_MINIMUM),FALSE,FALSE,XM,Protection,Microstation,,
MS_PROTECTION_PASSWORD_MIXED,Keyword        ,Password letters and numbers?  ,Set to 1 to require file protection passwords to be a mixture of letters and numbers. Set to 0 to allow passwords that contain only letters. The default is 0 (numbers not required). (MS_PROTECTION_PASSWORD_MIXED),FALSE,FALSE,XM,Protection,Microstation,,
MS_PROTECTION_V8_COMPATIBILITY,Keyword        ,Limit encryption strength      ,limits encryption strength. 0 = stronger; previous versions cannot open (default) or 1 = previous versions can open protected file and create licenses.,FALSE,FALSE,XM,Protection,Microstation,,
_USTN_RASTERGDALDATA,Directory      ,,,FALSE,FALSE,XM,Raster,Microstation,,
_USTN_RASTERTABLE,Filelist       ,Raster Table Directory         ,Specifies the location of the Units.ini file  used to upgrade MS/J Raster Manager projects to V8. (_USTN_RASTERTABLE),FALSE,FALSE,XM,Raster,Microstation,,
MS_RASTER_1BIT_WORKMODE,Keyword        ,Harmonize monochrome raster display ,If defined and set to 1  harmonizes monochrome raster display so they are handled like Raster Reference attachments.,FALSE,TRUE,XM,Raster,Microstation,,
MS_RASTER_COMMONFILEFORMATS,Directory      ,,Set this variable using the extensions of the file formats you wish to use as the default 'Common Raster Formats' file filter for the open dialogs. Each *.ext should separated using a ;. There should be no trailing ; For example : *.jpg;*.jpeg;*.png ,FALSE,FALSE,XM,Raster,Microstation,,
MS_RASTER_COMMONGEOREFFILEFORMATS,NONE           ,,Set this variable using the extensions of the file formats you wish to use as the default Common Geo Ref Raster Formats file filter for the open dialogs. For example  *.hmr;*.iTiff;*.tiff ,FALSE,FALSE,XM,Raster,Microstation,,
MS_RASTER_DEF_DIR,,,default folder for Raste References.,FALSE,FALSE,XM,Raster,Microstation,,
MS_RASTER_DEFAULT_APPLYROTATION_FROMV7,,,"controls default value for the ""Apply Rotation and Affinity"" toggle when importing a V7 design file for which this value was never set. If absent or set to 0: Default is FALSE.  If set to any other value: Default is TRUE.",FALSE,FALSE,XM,Raster,Microstation,,
MS_RASTER_DEFAULT_LEVEL,,Set default display level      ,defines the level for raster elements when upgrading.,FALSE,TRUE,XM,Raster,Microstation,,
MS_RASTER_DEFAULTSCALE,,Set default scale              ,If defined and set to 1  a raster without georeference which is attached without the use of the ôPlace interactivelyö toggle has the following scale assigned:,FALSE,TRUE,XM,Raster,Microstation,,
MS_RASTER_DEFAULTSISTER,NONE           ,Set default sister file        ,If set to 0 or 1  the default sister file will be HGR.,FALSE,TRUE,XM,Raster,Microstation,,
MS_RASTER_DISABLE_IPPCONNECTION,NONE           ,Disable default server port    ,if undefined  the default socket server port 1924 is used. If defined  the socket port 1924 is ignored.,FALSE,TRUE,XM,Raster,Microstation,,
MS_RASTER_EPSGTABLE_PATH,NONE           ,Set path to EPSG table         ,Enables geotiff positioning using the location parameters found in ASCII files provided on request.,FALSE,TRUE,XM,Raster,Microstation,,
MS_RASTER_IMG_CHANNELS,NONE           ,,Sets the band number to use for Red  Green  Blue and Alpha channels when a file whose format is IMG is attached. The `0´ value can be set for the Alpha channel if none is required. When this variable is defined  all attached Erdas IMG rasters will use the,FALSE,FALSE,XM,Raster,Microstation,,
MS_RASTER_IMG_STRETCH,NONE           ,,Sets the band number to use for Red  Green  Blue and Alpha channels when a file whose format is IMG is attached. The `0´ value can be set for the Alpha channel if none is required. When this variable is defined  all attached Erdas IMG rasters will use the,FALSE,FALSE,XM,Raster,Microstation,,
MS_RASTER_INTERGRAPH_FILE_IGNORE_LUT,,,the LUT is a block of information included in Intergraph filse to define Contrast\Brightness.   If absent or set to 0: The LUT information in the file is interpreted.   If set to 1 or other values: The LUT information is ignored. MS_RASTER_LOADMODE sets h,FALSE,FALSE,XM,Raster,Microstation,,
MS_RASTER_MEMCONTROL,,,If absent it means do not allow to tune memory.   If present it means llow memory tuning (displays Memory Management dialog when Raster Manager loads; adds Settings>Memory menu item to Raster Manager dialog).,FALSE,FALSE,XM,Raster,Microstation,,
MS_RASTER_NO_DETACH_CONFIRM,,Display alert dialog upon raster detach ,If defined and set to 0  display an alert dialog asking to confirm the raster detachment(s).,FALSE,TRUE,XM,Raster,Microstation,,
MS_RASTER_NOSHARING,,Create .sharing.tmp files      ,Manages the automatic creation of .sharing.tmp files required for the concurrent access of the same raster file by various instances of the MicroStation application.,FALSE,TRUE,XM,Raster,Microstation,,
MS_RASTER_OPENREADONLY,NONE           ,,used to change the Preferences settings to force the opening of rasters in read-only mode.   If absent: No effect. If set to 0: Raster files open in read/write mode. If set to 1: Raster files always open in read-only mode and bypass the Preferences settin,FALSE,FALSE,XM,Raster,Microstation,,
MS_RASTER_PROJECT_VIEW_INDEPENDENT_TO_BACK_PLANE,NONE           ,,if set to 0 or Absent it means view independent rasters will display anywhere in the view following their display priority settings (2D DGNs) or their position in 3D space (3D DGNs).   If set to 1 it means View independent rasters will display in the back,FALSE,FALSE,XM,Raster,Microstation,,
MS_RASTER_PROJECTWISE_WARNING_ONCLOSE_DISABLE,,,,FALSE,FALSE,XM,Raster,Microstation,,
MS_RASTER_SAVEAUTO,,Set Automatic Save mode        ,Enables Raster Manager Automatic Save mode when closing a DGN or detaching a raster.,FALSE,TRUE,XM,Raster,Microstation,,
MS_RASTER_TIFFINVERT,,Invert monochrome tiff         ,If defined and set to a value other than 0  inverts the foreground/background color allocation of monochrome tiff files as soon as the raster is attached.,FALSE,TRUE,XM,Raster,Microstation,,
MS_RASTER_TRANSPARENCY,NONE           ,Set transparency               ,if set to 1  Raster Manager sets the background transparency value; possible values are 0 to 255  where 255 is 100% transparency.,FALSE,TRUE,XM,Raster,Microstation,,
MS_RASTER_UNLOAD_AFTER_DGN_READ,NONE           ,,if set to 1 it means on element open (dgn/reference load)  close the source raster files after they have been opened. The files will be listed in the Raster Manager dialog but not displayed.   Otherwise  has no effect.  MS_RASTER_USERFILEFORMATS sets the ,FALSE,FALSE,XM,Raster,Microstation,,
MS_RASTER_USERFILEFORMATS,NONE           ,Set default 'User Defined' File Filter for the Raster Winopen dialog ,Set this variable using the extensions of the file formats you wish to use as the default 'User Defined' file format filter for the Raster Winopen dialogs. ,FALSE,TRUE,XM,Raster,Microstation,,
MS_RASTER_VIEWSAVEASDWG,,Define view for DWG file       ,controls whether the raster is displayed when exporting to DWG.,FALSE,TRUE,XM,Raster,Microstation,,
RASTMNGR_PROJECT_NO_IMPORT,,,if absent or set to 0 it means projects attached to a design file will be imported automatically in raster attachments when the design file is opened.  If set to 1 it means Raster Manager will NOT automatically import raster project attachments in raster ,FALSE,FALSE,XM,Raster,,,
RASTMNGR_PROJECT_READ_ALL,,,if absent or set to 0 it means Raster Manager will read only Image Manager and Raster Manager projects.  If set to 1 it means Raster Manager will read all project files no matter which product with which they were created.,FALSE,FALSE,XM,Raster,,,
CAPABILITY_RASTER_ALL_TYPES,Capability,,Allow opening of all supported raster types,FALSE,FALSE,XM,Raster- Capability,Microstation,,
CAPABILITY_RASTER_APPLYROTATIONANDAFFINITY,Capability,,Allow turning off/on raster apply rotation and affinity toggle,FALSE,FALSE,XM,Raster- Capability,Microstation,,
CAPABILITY_RASTER_BACKGROUND,Capability,,Allow background color on raster attachments,FALSE,FALSE,XM,Raster- Capability,Microstation,,
CAPABILITY_RASTER_DISP_GAMMA,Capability,,Allow display gamma on raster attachments,FALSE,FALSE,XM,Raster- Capability,Microstation,,
CAPABILITY_RASTER_GEOREFERENCEPRIORITY,Capability,,Allow changing raster georeference priority setting,FALSE,FALSE,XM,Raster- Capability,Microstation,,
CAPABILITY_RASTER_INVERT,Capability,,Allow turning off/on raster invert toggle,FALSE,FALSE,XM,Raster- Capability,Microstation,,
CAPABILITY_RASTER_PHOTOMATCH,Capability,,allows photomatch tool on rasters.,FALSE,FALSE,XM,Raster- Capability,Microstation,,
CAPABILITY_RASTER_PRINT,Capability,,Allow plot control on raster attachments,FALSE,FALSE,XM,Raster- Capability,Microstation,,
CAPABILITY_RASTER_PRINT_GAMMA,Capability,,Allow plot gamma on raster attachments,FALSE,FALSE,XM,Raster- Capability,Microstation,,
CAPABILITY_RASTER_PROJECT,Capability,,Allow work with raster projects,FALSE,FALSE,XM,Raster- Capability,Microstation,,
CAPABILITY_RASTER_TINT,Capability,,Allow tint on raster attachments,FALSE,FALSE,XM,Raster- Capability,Microstation,,
CAPABILITY_RASTER_TRANSP_FULL_CONTROL,Capability,,Allow full control on image transparency,FALSE,FALSE,XM,Raster- Capability,Microstation,,
CAPABILITY_TYPE87_RASTER,Capability,,Create type 87/88 raster element,FALSE,FALSE,XM,Raster- Capability,Microstation,,
RDL_NESTMODE,,,"Disable live nesting for redlining references. The overlay attachments created by AutoPlant's work area tools do not display in redline DWG files when live nesting is in effect.   For details  refer to the ""Advanced DWG Redlining"" section  in the online d",FALSE,FALSE,V8i,Redline,,,
CAPABILITY_REF_ADJUSTCOLORS,Capability,,Allow adjustment to reference colors,FALSE,FALSE,XM,Reference- Capability,Microstation,,
CAPABILITY_REF_AUX_INFO,Capability,,Allow logical name and description for raster attachments,FALSE,FALSE,XM,Reference- Capability,Microstation,,
CAPABILITY_REF_DISP_PER_VIEW,Capability,,Allow display control on a per view basis for raster attachments,FALSE,FALSE,XM,Reference- Capability,Microstation,,
CAPABILITY_REF_FROM_URL,Capability,,Allow raster attachments from URL,FALSE,FALSE,XM,Reference- Capability,Microstation,,
CAPABILITY_REF_NESTING_OPTIONS,Capability,,Allow changing the nesting options for a reference attachment,FALSE,FALSE,XM,Reference- Capability,Microstation,,
CAPABILITY_REF_NONDEFAULT_MODEL,Capability,,Allow attachment of a model other than the default model as a reference,FALSE,FALSE,XM,Reference- Capability,Microstation,,
CAPABILITY_REF_RASTERDISPLAY_OFF,Capability,,Allow control of reference attachment raster reference display,FALSE,FALSE,XM,Reference- Capability,Microstation,,
CAPABILITY_REF_SAVE_PATH_REL,Capability,,Allow relative path for reference attachments,FALSE,FALSE,XM,Reference- Capability,Microstation,,
CAPABILITY_REF_SCALELINESTYLE,Capability,,allows change to linestyle scale toggle for reference attachments.,FALSE,FALSE,XM,Reference- Capability,Microstation,,
CAPABILITY_REFERENCE_3DTO2D,Capability,,Allow 3d reference to be attached to 2d files,FALSE,FALSE,XM,Reference- Capability,Microstation,,
CAPABILITY_REFERENCE_ALLOW_DXF,Capability,,allows attaching a DXF file as reference file.,FALSE,FALSE,XM,Reference- Capability,Microstation,,
CAPABILITY_REFERENCE_ATTACHLEVEL,Capability,,Allow reference attachment on a particular level,FALSE,FALSE,XM,Reference- Capability,Microstation,,
CAPABILITY_REFERENCE_DISPLAYOVERRIDES,Capability,,Allow setting reference display override behavior,FALSE,FALSE,XM,Reference- Capability,Microstation,,
CAPABILITY_REFERENCE_GEOREPROJECT,Capability,,Allow geographic reprojection attachment mode.,FALSE,FALSE,XM,Reference- Capability,Microstation,,
CAPABILITY_REFERENCE_LINESTYLESCALE,Capability,,allows users to select whether master and reference global line style scales apply.,FALSE,FALSE,XM,Reference- Capability,Microstation,,
CAPABILITY_REFERENCE_NEWLEVELDISPLAY,Capability,,Allow setting reference new leve display behavior,FALSE,FALSE,XM,Reference- Capability,Microstation,,
CAPABILITY_REFERENCE_PRIORITY,Capability,,allows setting reference priority.,FALSE,FALSE,XM,Reference- Capability,Microstation,,
CAPABILITY_REFERENCE_SHEET_LOGICALNAME,Capability,,allows reference attachment logical name in sheet model.,FALSE,FALSE,XM,Reference- Capability,Microstation,,
CAPABILITY_REFERENCE_TRANSPARENCY,Capability,,allows setting reference transparency.,FALSE,FALSE,XM,Reference- Capability,Microstation,,
CAPABILITY_REFERENCE_V8,Capability,,Allow V8 DGN format references to be attached,FALSE,FALSE,XM,Reference- Capability,Microstation,,
CAPABILITY_REFERENCE_VIEWLEVELDISPLAY,Capability,,Allow reference display to be turned off in a view by turning off the level it is attached to,FALSE,FALSE,XM,Reference- Capability,Microstation,,
MS_DISALLOWFULLREFPATH,Boolean        ,Disallow Full Ref Path         ,When set to 1  MicroStation does not save the full path to references. By default  MicroStation stores both an abbreviated (portable) path and the full path to references. The full path will be wrong if the directory structure for a project is changed or,FALSE,TRUE,XM,References,Microstation,,
MS_REF_DEFAULTATTACHDIRECTORY,Search Path    ,Default Attachment Directory   ,If this variable is set  the reference attachment file dialog defaults to this directory rather than the directory of the last attached reference.(MS_REF_DEFAULTATTACHDIRECTORY). ,FALSE,TRUE,XM,References,Microstation,,
MS_REF_DEFAULTSETTINGS,Boolean        ,Default Attachment Settings    ,"(MS_REF_DEFAULTSETTINGS). This variable controls the default settings for reference attachments. It is set to a comma-separated list of key=value pairs  for example: ""snap=1 locate=0 trueScale=1 scaleLineStyles=0""  Recognized keys and values include disp",FALSE,TRUE,XM,References,Microstation,,
MS_REF_DONTHILITEFORMANIP,Directory      ,Hiliting References for Manipulation ,By default  MicroStation hilites all elements in a reference file when the reference is manipulated (move  rotate  scale  etc.) If MS_REF_DONTHILITEFORMANIP is set to any value  this hiliting is disabled. This can speed up reference manipulations  but it,FALSE,TRUE,XM,References,Microstation,,
MS_REF_MASTERFILELAST,Keyword        ,,,FALSE,FALSE,XM,References,Microstation,,
MS_REF_MASTERFILELAST_DESIGN,Keyword        ,,,FALSE,FALSE,XM,References,Microstation,,
MS_REF_MASTERFILELAST_DRAWING,,,,FALSE,FALSE,XM,References,Microstation,,
MS_REF_MASTERFILELAST_SHEET,,,,FALSE,FALSE,XM,References,Microstation,,
MS_REF_NEWLEVELDISPLAY,,New Level Display              ,When set to 1  MicroStation displays newly created levels in references. By default  when new levels are created in a model that is referenced by another model  the new levels are not displayed when the referencing model is opened. Newly created levels a,FALSE,TRUE,XM,References,Microstation,,
MS_REF_REATTACH_LEVEL_SYNC_ATTRIBUTE_LIST,,Ref. Reattach Level Attributes Sync ,(MS_REF_REATTACH_LEVEL_SYNC_ATTRIBUTE_LIST). This variable controls the list of level-attributes that will sync-up when a reference is reattached. The attributes can be one or more of the following as a comma separated list : OverrideSymbology  OverrideC,FALSE,FALSE,XM,References,Microstation,,
MS_LUXOLOGY,Filename       ,,Sets location of Luxology MDL application.,FALSE,FALSE,XM,Rendering,Microstation,,
MS_BUMP,Filename       ,Bump Maps                      ,Search path(s) for bump maps.  (MS_BUMP),FALSE,TRUE,XM,Rendering/Image,Microstation,,
MS_DISABLE_RPCBROWSER,Boolean        ,Disable RPC Thumbnail Browser  ,If set to 1  the RPC Thumbnail Browser is disabled.,FALSE,TRUE,XM,Rendering/Image,Microstation,,
MS_IMAGE,Directory      ,Images                         ,Search path(s) for images.  (MS_IMAGE),FALSE,TRUE,XM,Rendering/Image,Microstation,,
MS_IMAGE_EDITOR,Filename       ,Image Editor                   ,Default program to be used to edit an image file. This program is activated by double-clicking in the preview area of the Map Editor dialog. (MS_IMAGE_EDITOR),FALSE,TRUE,XM,Rendering/Image,Microstation,,
MS_IMAGEOUT,Filename       ,Image Output                   ,Directory where created images will be stored. (MS_IMAGEOUT),FALSE,TRUE,XM,Rendering/Image,Microstation,,
MS_LIGHTING,Search Path    ,IES Lighting Files             ,Directory where IES lighting data will be read from. (MS_LIGHTING),FALSE,TRUE,XM,Rendering/Image,Microstation,,
MS_LIGHTLIST,,Predefined Light Sources       ,List of design files containing light sources to be used as templates when placing lights. All lights found in these files can be selected from the drop-down next to the light name in the Define Light tool.  (MS_LIGHTLIST),FALSE,TRUE,XM,Rendering/Image,Microstation,,
MS_LOCAL_MATERIALS,Keyword        ,Local Material Setting         ,serves the same function as the Copy Materials Locally On Use toggle in the Settings menu of the Material Editor dialog.,FALSE,TRUE,XM,Rendering/Image,Microstation,,
MS_MATERIAL,Search Path    ,Material Palettes              ,Search path(s) for material palettes.  (MS_MATERIAL),FALSE,TRUE,XM,Rendering/Image,Microstation,,
MS_MATERIAL_PREVIEW_BACKGROUND,Keyword        ,Material Preview Background    ,Image to be used for the background of material previews in the Material Editor. (MS_MATERIAL_PREVIEW_BACKGROUND),FALSE,TRUE,XM,Rendering/Image,Microstation,,
MS_MTBL,,Material Tables                ,Search path(s) for material tables.  (MS_MTBL),FALSE,TRUE,XM,Rendering/Image,Microstation,,
MS_PATTERN,Search Path    ,Pattern Maps                   ,Search path(s) for pattern maps.  (MS_PATTERN),FALSE,TRUE,XM,Rendering/Image,Microstation,,
MS_PTDIR,Keyword        ,Particle Tracing Work Directory ,Working directory for temporary Particle Tracing files. (MS_PTDIR),FALSE,TRUE,XM,Rendering/Image,Microstation,,
MS_RENDERLOG,Filename       ,Rendering statistics log       ,File name for recording rendering statistics. (MS_RENDERLOG),FALSE,TRUE,XM,Rendering/Image,Microstation,,
MS_RENDERV7MATERIALS,Filename       ,V7 Material Compatibility      ,If set to 1  materials are rendered as they were in V7. Most affected are translucency  transparency  specularity  and diffuse as applied to pattern maps. (MS_RENDERV7MATERIALS),FALSE,TRUE,XM,Rendering/Image,Microstation,,
MS_SHADOWMAP,Directory      ,Shadow Maps                    ,Directory where shadow maps will be read from and written to. (MS_SHADOWMAP),FALSE,TRUE,XM,Rendering/Image,Microstation,,
MS_SHARED_DR_DIR,Directory      ,Distributed Rendering Directory ,Working directory for shared rendering files  including Particle Tracing and Radiosity files.,FALSE,TRUE,XM,Rendering/Image,Microstation,,
ATFFILE_DRAWINGRULES,,,"Default Architectural Building Designer file.  Used for additional control over the resymbolization of elements when extracting drawings; these rules offer more options than those in core Building Designer, and are geared to more Architecturally-appropriate results. ",FALSE,FALSE,XM,Rules,AECOsim Building Designer - Architectural,,
HVACFILE_DRAWINGRULES,Filename       ,DGNLIB location,Specifies the directory location and file name for the file that holds the Mechanical Building Designer drawing rule settings.,FALSE,FALSE,XM,Rules,AECOsim Building Designer - Mechanical,,
STFDIR_SETTINGS,Search Path   ,Structural Settings File,Specifies Structural Settings file location,FALSE,TRUE,XM,Rules,AECOsim Building Designer - Structural,,
STFFILE_DRAWINGRULES     ,Directory      ,Structural Drawing Rules       ,Name and path of the file that holds structural drawing rules. ,FALSE,TRUE,XM,Rules,AECOsim Building Designer - Structural,,
_USTN_SYSTEM_GUIDGNLIBLIST,Directory      ,,Location of system GUI DGNLIB. By default  set to C:\Program Files\Bentley\MicroStation\ustation.dgnlib.,FALSE,FALSE,XM,Search Path,Microstation,,
_USTN_SYSTEMDGNLIBLIST,Directory      ,System DGN Library List        ,List of DGN files which are required system resources.  (_USTN_SYSTYEMDGNLIBLIST),FALSE,TRUE,XM,Search Path,Microstation,,
MS_ADDIN_DEPENDENCYPATH,Filename       ,AddIn Dependencies             ,Search path for managed assemblies that are used by AddIns outside of MicroStation’s application base or configured privatePath. Directories should not be listed here and in MS_ADDINPATH.,FALSE,TRUE,XM,Search Path,Microstation,,
MS_ADDINPATH,,AddIns                         ,search path for managed AddIn assemblies that are used outside of MicroStation’s application base or configured privatePath.,FALSE,TRUE,XM,Search Path,Microstation,,
MS_DEF,Keyword        ,Design Files                   ,Search Path for design files.  (MS_DEF),FALSE,TRUE,XM,Search Path,Microstation,,
MS_DGNLIBLIST,Filelist       ,DGN Library List               ,List of DGN files which are used as resource for your current session.  (MS_DGNLIBLIST),FALSE,TRUE,XM,Search Path,Microstation,,
MS_FILTER_LIB_DIR,,Filter Library Path            ,Directory containing filter data files.  (MS_FILTER_LIB_DIR),FALSE,TRUE,XM,Search Path,Microstation,,
MS_GUIDGNLIBLIST,,User Interface DGN Library List ,List of DGN files which store Tool  Task  and Menu customizations for your current session.,FALSE,TRUE,XM,Search Path,Microstation,,
MS_LIBRARY_PATH,Keyword        ,Library Path                   ,Search path for dynamic link libraries.  (MS_LIBRARY_PATH),FALSE,TRUE,XM,Search Path,Microstation,,
MS_LINFILELIST,Search Path    ,LIN File Path                  ,specifies the directory containing line style files.,TRUE,TRUE,XM,Search Path,Microstation,,
MS_MACRO,Boolean        ,Macros                         ,Search path for macros.  (MS_MACRO),FALSE,TRUE,XM,Search Path,Microstation,,
MS_MDL,Search Path    ,MDL Applications               ,Search path for MDL applications or external programs loaded by MDL applications.  (MS_MDL),FALSE,TRUE,XM,Search Path,Microstation,,
MS_MDLAPPS,Filename       ,Visible MDL Applications       ,Search path for MDL applications that are displayed in the MDL dialog box.  (MS_MDLAPPS),FALSE,TRUE,XM,Search Path,Microstation,,
MS_RFDIR,Boolean        ,References                     ,Search path for references.  (MS_RFDIR),FALSE,TRUE,XM,Search Path,Microstation,,
MS_RSRCPATH,Keyword        ,Resource Files                 ,Search path for resource files loaded by MDL applications.  (MS_RSRCPATH),FALSE,TRUE,XM,Search Path,Microstation,,
RDL_DIR,Directory      ,Redline Location               ,Defines the location and/or extension of the Bentley Redline generated redline file that the Redline On tool searches for.  Defaults to <ActiveFileName>.rdl in the same directory as the active DGN file.  (RDL_DIR),FALSE,TRUE,XM,Search Path,Microstation,,
ATFACS_SEEDNAME,Directory      ,Base ACS Name                  ,Name of base ACS defined by the 3D Environment Setup utility - see config var ATFENV_3DSETUP. ,FALSE,TRUE,XM,Seed,AECOsim Building Designer - Architectural,,
BB_ANNOTATION_CELLLIB,Filename       ,DataGroup Annotation Callout Cell Library ,DataGroup Annotation tool callout cell library file,FALSE,TRUE,XM,Seed,Building Platform - TriForma,,
BB_AREA_REPORTSEED,Filename       ,Area Validation DGN Report Seed ,Area Validation Tool DGN report template file: Set config variable as DGN report seed file path.,FALSE,TRUE,XM,Seed,Building Platform - TriForma,,
BB_AREA_XLSREPORTSEED,Filename       ,Area Validation XLS Report Seed  ,Area Validation Tool XLS report template file: Set config variable as XLS report seed file path.,FALSE,TRUE,XM,Seed,Building Platform - TriForma,,
BB_CEILINGS_FIXTURELIBRARY,Filename       ,Ceilings Fixture Cell Library  ,Cell library used for ceiling fixtures.,FALSE,TRUE,XM,Seed,Building Platform - TriForma,,
BB_CEILINGS_PATTERNLIBRARY,Filename       ,Ceilings Pattern Cell Library  ,Cell library used for patterned ceilings.,FALSE,TRUE,XM,Seed,Building Platform - TriForma,,
MS_CEILINGVIEWSEEDNAME,Search Path    ,,,FALSE,FALSE,XM,Seed,Microstation,,
MS_CELL_SEEDFILE,,Cell Library Seed File         ,Seed file used when creating or upgrading cell libraries.,FALSE,TRUE,XM,Seed,Microstation,,
MS_DESIGNMODELSEED,Boolean        ,Design Model Seed File         ,Name of file containing seed model for new design models.,TRUE,TRUE,XM,Seed,Microstation,,
MS_DESIGNMODELSEEDNAME,Keyword        ,Design Model Seed              ,Name of seed model for new design models.,TRUE,TRUE,XM,Seed,Microstation,,
MS_DESIGNSEED,Filename       ,Default Design File Seed       ,Default seed file for creating design files.,FALSE,TRUE,XM,Seed,Microstation,,
MS_DETAILVIEWSEEDNAME,Filename       ,,Name of seed view for creating detail views.,FALSE,FALSE,XM,Seed,Microstation,,
MS_ELEVATIONVIEWSEEDNAME,,,Name of seed view for creating elevation views.,FALSE,FALSE,XM,Seed,Microstation,,
MS_PLANVIEWSEEDNAME,Keyword        ,,Name of seed view for creating plan views.,FALSE,FALSE,XM,Seed,Microstation,,
MS_SECTIONVIEWSEEDNAME,Filename       ,,Name of seed view for creating section views.,FALSE,FALSE,XM,Seed,Microstation,,
MS_SEEDFILES,Keyword        ,Seed File Location             ,Search path(s) for all seed files.,FALSE,TRUE,XM,Seed,Microstation,,
MS_SHEETMODELSEED,Directory      ,Sheet Model Seed File          ,Name of file containing seed model for new sheet models.,TRUE,TRUE,XM,Seed,Microstation,,
MS_SHEETMODELSEEDNAME,Directory      ,Sheet Model Seed               ,Name of seed model for new sheet models.,TRUE,TRUE,XM,Seed,Microstation,,
MS_SHEETSEED,Filename       ,Drawing Sheet Seed File        ,Seed file used when creating drawing sheets.,FALSE,TRUE,XM,Seed,Microstation,,
MS_TRANSEED,,Default Translation Seed       ,Default seed file used for DWG  CGM  and IGES translations.,FALSE,TRUE,XM,Seed,Microstation,,
MS_TRANSEED_OVERRIDE,Directory      ,Translation Seed Override      ,Controls how a DGN seed file can be used to open DWG files: 0 = Allows seed file to be changed in DWG Open Options dialog; 1 = MS_TRANSEED overrides user settings  always; 2 = MS_TRANSEED overrides user settings  only at start up of MicroStation.,FALSE,TRUE,XM,Seed,Microstation,,
MS_USERPREFSEED,Filename       ,User Preference Seed           ,Name of seed file used to create user preference resource file.,TRUE,FALSE,XM,Seed,Microstation,,
MS_VIEWGROUPSEED,Filename       ,View Group Seed File           ,Name of file containing seed view group for models without a view group.,TRUE,TRUE,XM,Seed,Microstation,,
MS_VIEWGROUPSEEDNAME,,View Group Seed                ,Name of seed view group for models without a view group.,TRUE,TRUE,XM,Seed,Microstation,,
MS_VIEWSEEDFILE,Filename       ,,Name of seed file for creating views. By default  seed views in ustation.dgnlib are used.,FALSE,FALSE,XM,Seed,Microstation,,
MS_WMS_SERVERS_SEED,Filename       ,,,FALSE,FALSE,XM,Seed,Microstation,,
TF_DRAWSEED,Directory      ,Drwg Extraction Seed File      ,Name of seed file to be used for Drawing Extractions. (TF_DRAWSEED),FALSE,TRUE,XM,Seed,Building Platform - TriForma,,
TFDIR_SEED,Search Path    ,Building Designer Model Seed File Loc   ,Location of Building Designer model seed files. (TFDIR_SEED),FALSE,TRUE,XM,Seed,Building Platform - TriForma,,
MS_SPELLINGDICTIONARYPATH,NONE           ,Spelling Dictionaries          ,Specifies the directory to search for core dictionaries. (MS_SPELLINGDICTIONARYPATH),TRUE,FALSE,XM,Spelling,Microstation,,
MS_SPELLINGLANGUAGE,Keyword        ,Spelling Language              ,Specifies the language. Valid languages are as follows:,TRUE,FALSE,XM,Spelling,Microstation,,
MS_SPELLINGUSERDICTIONARY,Directory      ,Spelling User Dictionary       ,Specifies the user dictionary. (MS_SPELLINGUSERDICTIONARY),TRUE,FALSE,XM,Spelling,Microstation,,
MS_STANDARDSCHECKER_APPS,Keyword        ,Standards Checker Applications ,The list of MDL applications that are loaded when the Standards Checker is started. (MS_STANDARDSCHECKER_APPS),FALSE,TRUE,XM,Standards Checker,Microstation,,
MS_STANDARDSCHECKER_OUT,Filename       ,Standards Checker Report Directory ,Default directory for standards checker reports.(MS_STANDARDSCHECKER_OUT). ,FALSE,TRUE,XM,Standards Checker,Microstation,,
MS_STANDARDSCHECKER_SETTINGSFILE,Filelist       ,Required Standards Checker Settings File ,If this variable is set  the specified file is always used for standards checking. (MS_STANDARDSCHECKER_SETTINGSFILE),FALSE,TRUE,XM,Standards Checker,Microstation,,
MS_STANDARDSCHECKER_SETTINGSNAME,Directory      ,Required Standards Checker Named Settings ,If this variable is set  the specified names settings are always used for standards checking. (MS_STANDARDSCHECKER_SETTINGSNAME),FALSE,TRUE,XM,Standards Checker,Microstation,,
MS_STANDARDSCHECKER_STYLESHEET,Filename       ,Standards Checker Style Sheet  ,If this variable is set  it specifies the XML Style Sheet that is used to view the Standards Checker XML report. The variable can be either a file or a URI (Universal Resource Identifier) that can be used by the browser to locate the style sheet. If this,FALSE,TRUE,XM,Standards Checker,Microstation,,
MS_ROSEDB,Keyword        ,Rose database directory.       ,Rose database directory.  (MS_ROSEDB),FALSE,TRUE,XM,Step-Translation,Microstation,,
MS_STEPLOG,NONE           ,Step Log Files.                ,Output directory for Step log files.  (MS_STEPLOG),FALSE,TRUE,XM,Step-Translation,Microstation,,
MS_STEPOUT,Filename       ,Step Output Directory.         ,Output directory for Step translations.  (MS_STEPOUT),FALSE,TRUE,XM,Step-Translation,Microstation,,
STF_DATASET,Directory,,Location of Structural DataSet files.,FALSE,FALSE,XM,Structural,AECOsim Building Designer - Structural,,
STF_DOUBLEANGLE_PREFIX   ,,Double Angle Prefix            ,Prefix to section name of a double angle section,FALSE,TRUE,XM,Structural,AECOsim Building Designer - Structural,,
STF_DRAWINGSEED_DGNLIBLIST,Filename       ,DGNLIB location,DGNLIB(s) storing Structuraldrawing seeds,TRUE,TRUE,V8i,Structural,AECOsim Building Designer - Structural,,
STF_QUANTIFYXLS,Search Path,,,TRUE,TRUE,V8i,Structural,AECOsim Building Designer - Structural,,
STFDIR_ASSEMBLIES,Directory,,Specifies the location for dynamic link libraries (dll's) required for running Building Designer.,FALSE,FALSE,XM,Structural,AECOsim Building Designer - Structural,,
STFDIR_DATA,Directory,,Location of various data files used specifically by Bentley Structural tools.,FALSE,FALSE,XM,Structural,AECOsim Building Designer - Structural,,
STFDIR_MDLAPPS           ,Directory,MDL Applications               ,Location of MDL applications.,FALSE,TRUE,XM,Structural,AECOsim Building Designer - Structural,,
STFDIR_OPENSTAAD,Directory      ,,Specifies the location of the STAAD.Pro executable file.,FALSE,FALSE,XM,Structural,AECOsim Building Designer - Structural,,
STFDIR_PREFS             ,Directory      ,Structural Preference File     ,Location of structural preference file.,FALSE,TRUE,XM,Structural,AECOsim Building Designer - Structural,,
STFDIR_RAMSTRSYSTEMPROGRAM,Directory,,Specifies the location of the RAM Structural Systems executable file.,FALSE,FALSE,XM,Structural,AECOsim Building Designer - Structural,,
STFFILE_MODELSTYLES      ,,Structural Model Styles        ,Name and path of the file that holds structural model styles.,FALSE,TRUE,XM,Structural,AECOsim Building Designer - Structural,,
STR_DISABLE_COPE_DEPENDENCIES ,Filename       ,Disable cope dependencies      ,Set to 1 to disable automatic updating of copes.,FALSE,TRUE,XM,Structural,AECOsim Building Designer - Structural,,
STRDIR_DRAWINGCELLLIBRARY,Search Path,Structural .cel library,"Specifies the cell library (Target, splice and base plate cells for instance).",FALSE,FALSE,V8i,Structural,AECOsim Building Designer - Structural,,
STRFILE_DRAWINGEXPLORERFILE,Filename       ,,Specifies the Project Explorer design library.,FALSE,FALSE,XM,Structural,AECOsim Building Designer - Structural,,
STRFILE_DRAWINGSETTINGSXML,Filename       ,,Specifies the drawing settings file.,FALSE,FALSE,XM,Structural,AECOsim Building Designer - Structural,,
STRFILE_MODELCOPESETTINGSXML,Filename       ,,,FALSE,FALSE,XM,Structural,AECOsim Building Designer - Structural,,
STRUCTURAL_SHAPES        ,Filename       ,Structural Shapes              ,Name of file that contains structural shapes.,FALSE,TRUE,XM,Structural,AECOsim Building Designer - Structural,,
MS_SYMBRSRC,Directory      ,Symbology Resources            ,"A list of symbology resource files.  Files are opened in the order they appear in the list.  The last one in the list has the highest priority. If undefined  MicroStation looks in the current resource path for a file called ""mssymb.rsc"".  (MS_SYMBRSRC)",FALSE,TRUE,XM,Symbology,Microstation,,
BMAKE_OPT,Boolean        ,BMAKE Options                  ,Command line options for BMAKE.  This is generally used to specify where to search for bmake include (.mki) files.  (BMAKE_OPT),FALSE,FALSE,XM,System Environment,Microstation,,
MDL_COMP,,MDL Compiler Command Line      ,Specifies text to be inserted at the beginning of the command line by the MDL compiler and rsctype.  This is generally used to specify where to search for include files.  (MDL_COMP),FALSE,FALSE,XM,System Environment,Microstation,,
MS_CONFIG,Keyword        ,Main Configuration File        ,Main MicroStation configuration file  sets up all configuration variables.  (MS_CONFIG),TRUE,FALSE,XM,System Environment,Microstation,,
MS_DEBUGMDLHEAP,Keyword        ,Extended Malloc                ,"Set to the base name of an MDL application (or ""ALL"").  If set use extended malloc for debugging. This must be set as a system environment variable.  (MS_DEBUGMDLHEAP)",FALSE,FALSE,XM,System Environment,Microstation,,
RSC_COMP,Directory      ,Resource Compiler Command Line ,Specifies text to be inserted at the beginning of the command line by the resource compiler.  This is generally used to specify where to search for include files.  (RSC_COMP),FALSE,FALSE,XM,System Environment,Microstation,,
MS_ACCUDRAWKEYS,Command Line   ,AccuDraw Shortcuts             ,Text file listing AccuDraw shortcut keys.  (MS_ACCUDRAWKEYS),TRUE,TRUE,XM,System Operation,Microstation,,
MS_APPMEN,Keyword        ,Application Menus              ,Location of application and sidebar menus.  (MS_APPMEN),FALSE,TRUE,XM,System Operation,Microstation,,
MS_AUTORESTORESTATUSBAR,Search Path    ,Auto-restore Status Bar        ,If set to 1  the status bar will restore its default appearance whenever the mouse enters it. (MS_AUTORESTORESTATUSBAR),FALSE,FALSE,XM,System Operation,Microstation,,
MS_COMPRESS_OPTIONS,Filename       ,Compress Options Selections    ,Set the values for individual items by alias.  To turn an item on  precede the alias with a +.  To turn an item off  precede the alias with a -.  For example  +FONTS;-LEVELS will delete unused fonts but leave unused levels.  The special aliases ALL and D,FALSE,TRUE,XM,System Operation,Microstation,,
MS_DISABLE_FILE_ICONS,,Disable File Open Icons        ,When turned on  this configuration variable will disable the file open icons in MicroStation Manager and File->Open dialogs. (MS_DISABLE_FILE_ICONS),FALSE,FALSE,XM,System Operation,Microstation,,
MS_DISABLE_FILE_THUMBNAIL,Keyword        ,Disable File Open Thumbnail    ,When turned on  this configuration variable will disable the file preview thumbnail images in MicroStation Manager and File->Open dialogs. (MS_DISABLE_FILE_THUMBNAIL),FALSE,FALSE,XM,System Operation,Microstation,,
MS_FILEHISTORY,Filename       ,File History                   ,If set equal to 1  save the last several files and directories for each file type. If set equal to 0  no file histories will be maintained.  (MS_FILEHISTORY),TRUE,FALSE,XM,System Operation,Microstation,,
MS_FKEYMNU,Search Path    ,Function Key Menu              ,Function key menu file.  (MS_FKEYMNU),FALSE,TRUE,XM,System Operation,Microstation,,
MS_FULLPATHINTITLEBAR,,Full Path in Title Bar         ,When turned on  the full path of the current Design File is displayed in the main title bar.,FALSE,FALSE,XM,System Operation,Microstation,,
MS_IDLETIMEOUT,,Exit MicroStation when idle    ,If defined  specifies the number of minutes of inactivity to wait before exiting MicroStation.Minimum value is 30 minutes. A value of 0 means never exit  even when idle.,FALSE,FALSE,XM,System Operation,Microstation,,
MS_IMMEDIATEUPDATE,,Window Immediate Update        ,If set to 1  windows will update immediately when other windows are moved or resized over them.  (MS_IMMEDIATEUPDATE),FALSE,FALSE,XM,System Operation,Microstation,,
MS_LEGACYDRAWORDER,Filelist       ,Legacy Draw Order              ,for 3D wireframe views and when plotting 3D files in a non-rasterized mode  use a draw order based on the element position.,FALSE,TRUE,XM,System Operation,Microstation,,
MS_MAINMENUDOCKINGBESIDE,,Allow Docking Beside Main Menu Bar ,If set to a non-zero value  toolboxes and dockable dialogs may be docked alongside the main menu bar. If not set (default) or set to 0  MicroStation's main menu bar spans the entire width of the application window.,TRUE,FALSE,XM,System Operation,Microstation,,
MS_NO_VIEW_ANIMATION,Boolean        ,Disable Tile/Cascade Animation ,if on  the animation of view tile and cascade is disabled.,FALSE,FALSE,XM,System Operation,Microstation,,
MS_OPENV7,Keyword        ,Open V7 files                  ,Controls the behavior when opening V7 format files:,FALSE,FALSE,XM,System Operation,Microstation,,
MS_POPUPDIALOGCLOSEDELAY,Directory      ,Popup Dialog Close Delay       ,Specifies the amount of time to wait before closing a popup dialog (Eg. the dialogs launched from the Primary toolbox).The value  specified in 1/60 second increments  should be a number between 0 (very little delay) and 120 (2 seconds).The default is 30 ,FALSE,FALSE,XM,System Operation,Microstation,,
MS_READONLY,NONE           ,Read Only                      ,If set  design file will be read only. (MS_READONLY),TRUE,FALSE,XM,System Operation,Microstation,,
MS_SAVEMENU,Filename       ,Attached Menus                 ,"File where MicroStation stores information about attached menus. In previous versions this file name was hard-coded to ""mgds.men"". (MS_SAVEMENU)",TRUE,TRUE,XM,System Operation,Microstation,,
MS_SOURCENAME_PROPERTY,NONE           ,Save the SOURCE file property  ,if this variable is set the SOURCE file property can be set to the name of the source file. By default  only the name and extension of the source file are saved. Set to 0 to disable the SOURCE property. Set to FULL to save the full path of the source file,FALSE,FALSE,XM,System Operation,Microstation,,
MS_USECOMMANDWINDOW,Search Path    ,Use Command Window             ,If set to 0  MicroStation will be locked in the status bar interface. If set to 1  MicroStation will be locked in the command window interface. (MS_USECOMMANDWINDOW),TRUE,FALSE,XM,System Operation,Microstation,,
MS_WORKMODE,,Work Mode                      ,Work mode activates/disables certain functions in order to produce a more compatible design file at the end.  Setting this variable to DWG will disable some creation tools that may result in elements to be incompatible to DWG file format.  Similarly sett,TRUE,TRUE,XM,System Operation,Microstation,,
MS_WORKSPACEOPTS,,Workspace Options              ,If set to 0 (default)  the workspace options are displayed on the MicroStation Manager dialog box. If set to 1  the workspace options are displayed but disabled.  If set to 2  the workspace options are hidden and the dialog box is resized. (MS_WORKSPACEO,FALSE,FALSE,XM,System Operation,Microstation,,
MS_TAGOUTPUT,Directory      ,Tag Output                     ,Output directory for general tags data.  (MS_TAGOUTPUT),FALSE,TRUE,XM,Tags,Microstation,,
MS_TAGREPORTS,,Tag Reports                    ,Output directory for tag data manager reports.  (MS_TAGREPORTS),FALSE,TRUE,XM,Tags,Microstation,,
MS_TAGTEMPLATES,Directory      ,Tag Templates                  ,Directory containing tag data manager report templates.  (MS_TAGTEMPLATES),FALSE,TRUE,XM,Tags,Microstation,,
MS_BACKUP,Keyword        ,Backup Files                   ,Default directory for backup files.  (MS_BACKUP),FALSE,TRUE,XM,Temp/Backup,Microstation,,
MS_SCR,Search Path    ,Scratch Files                  ,Directory for scratch files.  (MS_SCR),FALSE,FALSE,XM,Temp/Backup,Microstation,,
MS_TMP,,Temporary Files                ,Directory containing temporary files that are created and deleted.  (MS_TMP),FALSE,FALSE,XM,Temp/Backup,Microstation,,
CAPABILITY_TEXT_AUTOSTACKFRACTIONS,Capability,,If ON  text in the form of 1/2 or 1#2 automatically becomes stacked,FALSE,FALSE,XM,Text- Capability,Microstation,,
CAPABILITY_TEXT_BACKGROUND,Capability,,Allow the background toggle to be set in the text stytle,FALSE,FALSE,XM,Text- Capability,Microstation,,
CAPABILITY_TEXT_BACKGROUND_BORDER_X,Capability,,Allow the background X offset to be defined in the text style,FALSE,FALSE,XM,Text- Capability,Microstation,,
CAPABILITY_TEXT_BACKGROUND_BORDER_Y,Capability,,Allow the background Y offset to be defined in the text style,FALSE,FALSE,XM,Text- Capability,Microstation,,
CAPABILITY_TEXT_BACKGROUND_COLOR,Capability,,Allow the background line color to be defined in the text style,FALSE,FALSE,XM,Text- Capability,Microstation,,
CAPABILITY_TEXT_BACKGROUND_FILL_COLOR,Capability,,Allow the background fill color to be defined in the text style,FALSE,FALSE,XM,Text- Capability,Microstation,,
CAPABILITY_TEXT_BACKGROUND_STYLE,Capability,,Allow the background line style to be defined in the text style,FALSE,FALSE,XM,Text- Capability,Microstation,,
CAPABILITY_TEXT_BACKGROUND_WEIGHT,Capability,,Allow the background line weight to be defined in the text style,FALSE,FALSE,XM,Text- Capability,Microstation,,
CAPABILITY_TEXT_BACKWARDS,Capability,,Allow the backwards text toggle to be set in the text style,FALSE,FALSE,XM,Text- Capability,Microstation,,
CAPABILITY_TEXT_BOLD,Capability,,Allow the bold text toggle to be set in the text style,FALSE,FALSE,XM,Text- Capability,Microstation,,
CAPABILITY_TEXT_COLOR,Capability,,Allow the text color to be defined in the text style,FALSE,FALSE,XM,Text- Capability,Microstation,,
CAPABILITY_TEXT_FIXEDSPACING,Capability,,Allow the fixed spacing toggle to be set in the text style,FALSE,FALSE,XM,Text- Capability,Microstation,,
CAPABILITY_TEXT_FONTS,Capability,,Allow the font to be defined in the text style,FALSE,FALSE,XM,Text- Capability,Microstation,,
CAPABILITY_TEXT_FONTS_RSC,Capability,,Allow use of RSC fonts,FALSE,FALSE,XM,Text- Capability,Microstation,,
CAPABILITY_TEXT_FONTS_SHX,Capability,,Allow use of SHX fonts,FALSE,FALSE,XM,Text- Capability,Microstation,,
CAPABILITY_TEXT_FONTS_TRUETYPE,Capability,,Allow use of True Type fonts,FALSE,FALSE,XM,Text- Capability,Microstation,,
CAPABILITY_TEXT_FRACTIONS,Capability,,Allow the text fractions toggle to be set in the text style,FALSE,FALSE,XM,Text- Capability,Microstation,,
CAPABILITY_TEXT_FULLJUSTIFICATION,Capability,,Allow the full justification toggle to be set in the text style,FALSE,FALSE,XM,Text- Capability,Microstation,,
CAPABILITY_TEXT_HEIGHT,Capability,,Allow the text height to be defined in the text style,FALSE,FALSE,XM,Text- Capability,Microstation,,
CAPABILITY_TEXT_INTERCHARACTERSPACING,Capability,,Allow the inter-character spacing to be defined in the text style,FALSE,FALSE,XM,Text- Capability,Microstation,,
CAPABILITY_TEXT_ITALICS,Capability,,Allow the italic text toggle to be set in the text style,FALSE,FALSE,XM,Text- Capability,Microstation,,
CAPABILITY_TEXT_JUSTIFICATION,Capability,,Allow the text justification to be defined in the text style,FALSE,FALSE,XM,Text- Capability,Microstation,,
CAPABILITY_TEXT_JUSTIFICATION_CB,Capability,,Allow center bottom text justification to be defined in the text style,FALSE,FALSE,XM,Text- Capability,Microstation,,
CAPABILITY_TEXT_JUSTIFICATION_CC,Capability,,Allow center center text justification to be defined in the text style,FALSE,FALSE,XM,Text- Capability,Microstation,,
CAPABILITY_TEXT_JUSTIFICATION_CT,Capability,,Allow center top text justification to be defined in the text style,FALSE,FALSE,XM,Text- Capability,Microstation,,
CAPABILITY_TEXT_JUSTIFICATION_LB,Capability,,Allow left bottom text justification to be defined in the text style,FALSE,FALSE,XM,Text- Capability,Microstation,,
CAPABILITY_TEXT_JUSTIFICATION_LC,Capability,,Allow left center text justification to be defined in the text style,FALSE,FALSE,XM,Text- Capability,Microstation,,
CAPABILITY_TEXT_JUSTIFICATION_LMB,Capability,,Allow left margin bottom text justification to be defined in the text style,FALSE,FALSE,XM,Text- Capability,Microstation,,
CAPABILITY_TEXT_JUSTIFICATION_LMC,Capability,,Allow left margin center text justification to be defined in the text style,FALSE,FALSE,XM,Text- Capability,Microstation,,
CAPABILITY_TEXT_JUSTIFICATION_LMT,Capability,,Allow left margin top text justification to be defined in the text style,FALSE,FALSE,XM,Text- Capability,Microstation,,
CAPABILITY_TEXT_JUSTIFICATION_LT,Capability,,Allow left top text justification to be defined in the text style,FALSE,FALSE,XM,Text- Capability,Microstation,,
CAPABILITY_TEXT_JUSTIFICATION_RB,Capability,,Allow right bottom text justification to be defined in the text style,FALSE,FALSE,XM,Text- Capability,Microstation,,
CAPABILITY_TEXT_JUSTIFICATION_RC,Capability,,Allow right center text justification to be defined in the text style,FALSE,FALSE,XM,Text- Capability,Microstation,,
CAPABILITY_TEXT_JUSTIFICATION_RMB,Capability,,Allow right margin bottom text justification to be defined in the text style,FALSE,FALSE,XM,Text- Capability,Microstation,,
CAPABILITY_TEXT_JUSTIFICATION_RMC,Capability,,Allow right margin center text justification to be defined in the text style,FALSE,FALSE,XM,Text- Capability,Microstation,,
CAPABILITY_TEXT_JUSTIFICATION_RMT,Capability,,Allow right margin top text justification to be defined in the text style,FALSE,FALSE,XM,Text- Capability,Microstation,,
CAPABILITY_TEXT_JUSTIFICATION_RT,Capability,,Allow right top text justification to be defined in the text style,FALSE,FALSE,XM,Text- Capability,Microstation,,
CAPABILITY_TEXT_LINELENGTH,Capability,,Allow the line length to be defined in the text style,FALSE,FALSE,XM,Text- Capability,Microstation,,
CAPABILITY_TEXT_LINEOFFSET_X,Capability,,Allow the line offset X to be defined in the text style,FALSE,FALSE,XM,Text- Capability,Microstation,,
CAPABILITY_TEXT_LINEOFFSET_Y,Capability,,Allow the line offset Y to be defined in the text style,FALSE,FALSE,XM,Text- Capability,Microstation,,
CAPABILITY_TEXT_LINESPACING,Capability,,Allow the line spacing to be defined in the text style,FALSE,FALSE,XM,Text- Capability,Microstation,,
CAPABILITY_TEXT_LINESPACINGTYPE,Capability,,Allow the line spacing type to be defined in the text style,FALSE,FALSE,XM,Text- Capability,Microstation,,
CAPABILITY_TEXT_NODEJUSTIFICATION,Capability,,Allow text node justification to be defined in the text style,FALSE,FALSE,XM,Text- Capability,Microstation,,
CAPABILITY_TEXT_OVERLINE,Capability,,Allow the overline toggle to be set in the text style,FALSE,FALSE,XM,Text- Capability,Microstation,,
CAPABILITY_TEXT_OVERLINE_COLOR,Capability,,Allow the overline line color to be defined in the text style,FALSE,FALSE,XM,Text- Capability,Microstation,,
CAPABILITY_TEXT_OVERLINE_OFFSET,Capability,,Allow the overline offset to be defined in the text style,FALSE,FALSE,XM,Text- Capability,Microstation,,
CAPABILITY_TEXT_OVERLINE_STYLE,Capability,,Allow the overline line style to be defined in the text style,FALSE,FALSE,XM,Text- Capability,Microstation,,
CAPABILITY_TEXT_OVERLINE_WEIGHT,Capability,,Allow the overline line weight to be defined in the text style,FALSE,FALSE,XM,Text- Capability,Microstation,,
CAPABILITY_TEXT_PARENTTEXTSTYLES,Capability,,allows the Parent - Style - name row to be seen on the advanced tab. If disabled it is removed from the list.,FALSE,FALSE,XM,Text- Capability,Microstation,,
CAPABILITY_TEXT_SHXBIGFONTS,Capability,,Allow use of SHX Big Fonts,FALSE,FALSE,XM,Text- Capability,Microstation,,
CAPABILITY_TEXT_SLANTANGLE,Capability,,Allow the slant angle to be defined in the text style,FALSE,FALSE,XM,Text- Capability,Microstation,,
CAPABILITY_TEXT_SUBSCRIPT,Capability,,Allow the subscript toggle to be set in the text style,FALSE,FALSE,XM,Text- Capability,Microstation,,
CAPABILITY_TEXT_SUPERSCRIPT,Capability,,Allow the superscript toggle to be set in the text style,FALSE,FALSE,XM,Text- Capability,Microstation,,
CAPABILITY_TEXT_TTF_VERTICAL,Capability,,Allow vertical text placement with true type fonts.,FALSE,FALSE,XM,Text- Capability,Microstation,,
CAPABILITY_TEXT_UNDERLINE,Capability,,Allow the underline toggle to be set in the text style,FALSE,FALSE,XM,Text- Capability,Microstation,,
CAPABILITY_TEXT_UNDERLINE_COLOR,Capability,,Allow the underline line color to be defined in the text style,FALSE,FALSE,XM,Text- Capability,Microstation,,
CAPABILITY_TEXT_UNDERLINE_OFFSET,Capability,,Allow the underline offset to be defined in the text style,FALSE,FALSE,XM,Text- Capability,Microstation,,
CAPABILITY_TEXT_UNDERLINE_STYLE,Capability,,Allow the underline line style to be defined in the text style,FALSE,FALSE,XM,Text- Capability,Microstation,,
CAPABILITY_TEXT_UNDERLINE_WEIGHT,Capability,,Allow the underline line weight to be defined in the text style,FALSE,FALSE,XM,Text- Capability,Microstation,,
CAPABILITY_TEXT_UPSIDEDOWN,Capability,,Allow the upside-down text toggle to be set in the text style,FALSE,FALSE,XM,Text- Capability,Microstation,,
CAPABILITY_TEXT_VERTICAL,Capability,,Allow the vertical text toggle to be set in the text style,FALSE,FALSE,XM,Text- Capability,Microstation,,
CAPABILITY_TEXT_WIDTH,Capability,,Allow the text width to be defined in the text style,FALSE,FALSE,XM,Text- Capability,Microstation,,
CAPABILITY_TEXTSTYLE_ACTIVE_DGNSETTINGS,Capability,,Allow the text style editor to show the active settings used by V8 dgn files,FALSE,FALSE,XM,Text- Capability,Microstation,,
CAPABILITY_TEXTSTYLE_ALLOW_CREATE,Capability,,Allow the creation of new text styles,FALSE,FALSE,XM,Text- Capability,Microstation,,
CAPABILITY_TEXTSTYLE_ALLOW_DELETE,Capability,,Allow the deletion of existing text styles,FALSE,FALSE,XM,Text- Capability,Microstation,,
CAPABILITY_TEXTSTYLE_ALLOW_MODIFY,Capability,,Allow the modification of existing text styles,FALSE,FALSE,XM,Text- Capability,Microstation,,
CAPABILITY_TEXTSTYLE_NOSTYLE,Capability,,Allow using none-style as active text style.,FALSE,FALSE,XM,Text- Capability,Microstation,,
CAPABILITY_TEXTSTYLE_STYLE_DGNSETTINGS,Capability,,Allow the text style editor to show the style settings used by V8 dgn files,FALSE,FALSE,XM,Text- Capability,Microstation,,
_TF_SUPPRESS_V7WRKMODE_DLG,,,,FALSE,FALSE,XM,TriForma,Building Platform - TriForma,,
_TF_UIAPPL,,,,FALSE,FALSE,XM,TriForma,Building Platform - TriForma,,
_TF_WORKSPACEROOT,,,,FALSE,FALSE,XM,TriForma,Building Platform - TriForma,,
BB_ACCELERATE_DYNAMICS,Boolean ,,"Acceleration in Dynamics determines whether Part attributes (e.g. rendering, unification and resymbolization) are included in view navigation and dynamics. For larger and more complex models, user may want to accelerate their dynamics by moving to Low or High
None (Default) - Part attributes are displayed during all view navigation and dynamics.
Low -  To accelerate display performance, Part attributes are not displayed during all view navigation and dynamics in the context of Dynamic views
High - To further accelerate display performance , Part attributes are not displayed during all view navigation and dynamics",TRUE,FALSE,V8i,TriForma,Building Platform - TriForma,,
BB_AUTOANNOTATION,Boolean ,,"Controls when Dynamic Views on Drawings/Sheets are automatically annotated.  If set to 'MANUAL', then auto-annotation runs only when the user initiates it via the UI tool.  If set to 'AUTO', then auto-annotation runs every time the drawing/sheet is opened or referenced.  If set to 'USER' (default), then the user can control whether auto-annotation runs automatically or manually via a UI toggle. ",TRUE,FALSE,V8i,TriForma,Building Platform - TriForma,,
BB_AUTOANNOTATION_ONCREATE,Boolean ,,"Controls whether a newly created Dynamic View is auto-annotated when its Drawing/Sheet is opened.  If set to '1' (default), then auto-annotation runs automatically on opening the Drawing/Sheet of a newly created Dynamic View, regardless of the value of BB_AUTOANNOTATION.",TRUE,FALSE,V8i,TriForma,Building Platform - TriForma,,
BB_CATALOGORGDIR,Search Path,,"Location of XML settings files used by the Catalog Organization utility in placement tools such as Place Wall, Place Slab, and Place Steel Column.",TRUE,FALSE,V8i,TriForma,Building Platform - TriForma,,
BB_CEILINGVIEWSEEDNAME,File Name,,,FALSE,FALSE,XM,TriForma,Building Platform - TriForma,,
BB_CLASSIFICATIONSYSTEM_FILE,Filename       ,,The name of the classification xml file that controls and configures the classification system.,TRUE,FALSE,V8i,TriForma,Building Platform - TriForma,,
BB_CLASSIFICATIONSYSTEM_PATH,Search Path ,,Location of Classification xml files. ,TRUE,FALSE,V8i,TriForma,Building Platform - TriForma,,
BB_DEMTODV_PLANVIEWSEEDNAME,None,,Specifies Seed Plan View Name,FALSE,FALSE,V8i,TriForma,Building Platform - TriForma,,
BB_DEMTODV_SECTIONVIEWSEEDNAME,None,,Specifies Seed Section View Name,FALSE,FALSE,V8i,TriForma,Building Platform - TriForma,,
BB_DEMTODV_SEEDFILENAME,Filename       ,,Specifies Seed File Name,FALSE,FALSE,XM,TriForma,Building Platform - TriForma,,
BB_DISCIPLINE,Boolean ,,Specifies Building Designer Discipline. Used in the command line to define which Application Mode to run.,FALSE,FALSE,V8i,TriForma,Building Platform - TriForma,,
BB_DVDATASETELEMENTS,Boolean,,"The value sets scan behavior:
Enabled = 1 (default)
Disabled = 0
Scans the cut, forward, and reflected levels (used in the part and family system) for differences in levels defined in the model definition. Different levels found are copied to the active file.",FALSE,FALSE,XM,TriForma,Building Designer,,
BB_FLOORMASTER_DGN,Filename       ,Floor Management Master DGN File ,Location of master DGN file used to Store floor definitions. ,FALSE,TRUE,XM,TriForma,Building Platform - TriForma,,
BB_LEVEL_DGNLIBLIST,Search Path,,List of DGNLIB files which are used to define the Level Libraries for your current session.  ,TRUE,TRUE,V8i,TriForma,Building Platform - TriForma,,
BB_MRU_MAX_SIZE,,,Specifies MRU list size for DG Dialogs,FALSE,FALSE,XM,TriForma,Building Platform - TriForma,,
BB_PROJECTEXPLORER_LIBRARY_DIRECTORY,Directory,,Defines the location of the dgnlib to be used by the Project Explorer Assistant for tracking file changes.,FALSE,FALSE,XM,TriForma,Building Platform - TriForma,,
BB_PROJECTEXPLORER_LIBRARY_FILE,Filename       ,,Specifies the full path of the dgnlib where Building Project Data is to be stored.,FALSE,FALSE,XM,TriForma,Building Platform - TriForma,,
BB_STAIRASSEMBLY,Filename       ,,Specifies name of default XML file used by the stairs tool. Replaces the now retired TF_STAIRASSEMEBLY.,FALSE,FALSE,V8i,TriForma,Building Platform - TriForma,,
BB_STAIRCONSTRAINTPATH,Filename       ,,Specifies name of default constraints XML file used by the stairs tool. Replaces the now retired TF_STAIRCONSTRAINTPATH.,FALSE,FALSE,V8i,TriForma,Building Platform - TriForma,,
BB_STAIRCONSTRAINTS,Filename       ,,Constraints file used to check Constraints,FALSE,FALSE,V8i,TriForma,Building Platform - TriForma,,
BB_STAIRTREADPROFILE,Directory,,Stair tread profile default dir,FALSE,FALSE,V8i,TriForma,Building Platform - TriForma,,
BB_TASKXMLDIR,,,,FALSE,FALSE,XM,TriForma,Building Platform - TriForma,,
BB_TERMINATOR_CELLLIB,Filename       ,DataGroup Annotation Terminator Cell Library ,DataGroup Annotation tool terminator cell library file (BB_TERMINATOR_CELLLIB),FALSE,TRUE,XM,TriForma,Building Platform - TriForma,,
BB_UNIFICATION_METHOD,Boolean   ,Unification Method,"Provides superlative DV unification performance and enables greater tolerance control between touching and connected geometry.(Enabled = GLUE (default), Disabled = MERGE",FALSE,FALSE,V8i,TriForma,Building Platform - TriForma,,
BB_UNIFICATION_MT,Boolean   ,Unification Method,Specifies the manner by which the Unification Glue is processed. (BB_UNIFICATION_MT=0 – All unification is performed internally by Building Designer.,FALSE,FALSE,V8i,TriForma,Building Platform - TriForma,,
BB_UNIFICATION_TOLERANCE_MM,,,Specifies the gap or overlap of unification between touching or connected forms. The default is 7mm (= 7).,FALSE,FALSE,V8i,TriForma,Building Platform - TriForma,,
CORUSDIR_DATA,,Corus Construction Parts       ,Location of Corus Construction Parts data files (i.e. corus.stf). (CORUSDIR_DATA),FALSE,TRUE,XM,TriForma,Building Platform - TriForma,,
TF_ANNOTATE_DOOR_ID_XPATH,None,,TF_ANNOTATE_DOOR_ID_XPATH variable is used to define the XPath to the property ID that is used to store the value that is used in the Door Annotation tool.,FALSE,FALSE,XM,TriForma,Building Platform - TriForma,,
TF_ANNOTATE_WINDOW_ID_XPATH,NONE           ,,TF_ANNOTATE_WINDOW_ID_XPATH variable is used to define the XPath to the property ID that is used to store the value that is used in the Window Annotation tool.,FALSE,FALSE,XM,TriForma,Building Platform - TriForma,,
TF_BYPASS_VALIDATION,NONE           ,,TF_BYPASS_VALIDATION: Skip the dataset validation process when starting BIM products.,FALSE,FALSE,XM,TriForma,Building Platform - TriForma,,
TF_CACHEDIR,NONE           ,,"Specifies the location of *.tfb and *.hst files. If TFBREP_NOTFILLCACHE is set to 1, this variable is not applicable.",FALSE,FALSE,XM,TriForma,Building Platform - TriForma,,
TF_CHILDAPPS,,,,FALSE,FALSE,XM,TriForma,Building Platform - TriForma,,
TF_DATASETNAME,,,Specifies the active dataset.,FALSE,FALSE,XM,TriForma,Building Platform - TriForma,,
TF_DATASETS,Directory,,Specifies the location where dataset folders are stored.,FALSE,FALSE,XM,TriForma,Building Platform - TriForma,,
TF_DRAWINGS,Directory,Drwg Extractions               ,Default location of Drawing Extractions that are output to external DGN Files. (TF_DRAWINGS),FALSE,TRUE,XM,TriForma,Building Platform - TriForma,,
TF_ECAPPS_AUTOLOAD,Keyword        ,,,FALSE,FALSE,XM,TriForma,Building Platform - TriForma,,
TF_MODEL,,Master Model Location          ,Location of the master model  from which a drawing was extracted. Only needed if you move the model to a location other than where it was when the drawing was extracted.  One case where this might occur is if you change the name of the folder where your ,FALSE,TRUE,XM,TriForma,Building Platform - TriForma,,
TF_NOCOMPATIBILITYWARNING,,,,FALSE,FALSE,XM,TriForma,Building Platform - TriForma,,
TF_NOSPLASH,,,,FALSE,FALSE,XM,TriForma,Building Platform - TriForma,,
TF_NOWHATSNEW,,,,FALSE,FALSE,XM,TriForma,Building Platform - TriForma,,
TF_PRESERVE_2DSYMBOLOGY,,Preserve 2d Symbols symbology  ,Do not update symbology of 2d symbols (TF_PRESERVE_2DSYMBOLOGY),FALSE,TRUE,XM,TriForma,Building Platform - TriForma,,
TF_RESOLVE_NONEXISTENTLEVEL,,Nonexistent Level Resolution   ,Controls behavior when creating a Form where the Part determines the level  but the level does not exist.  If set to 'CREATE'  the required level is created.  If set to nothing  the required level is created.  If set to anything else  the Form will be ge,FALSE,TRUE,XM,TriForma,Building Platform - TriForma,,
TF_USE_UNIFIER_FOR_CENTERLINE_SYMBOLOGY,,,"Use the Drawing Symbology Part unifier for the centerline symbology; 0=no, 1=yes. (TF_USE_UNIFIER_FOR_CENTERLINE_SYMBOLOGY)",FALSE,FALSE,XM,TriForma,Building Platform - TriForma,,
TF_USE2DSYMFORMASK,,Use 2d Symbols for masking     ,Use shapes in 2d symbols for forward reflected view masking; 0=no  1=yes. (TF_USE2DSYMFORMASK),FALSE,TRUE,XM,TriForma,Building Platform - TriForma,,
TF_WHATSNEW_HOMEPAGE,Boolean        ,,,FALSE,FALSE,XM,TriForma,Building Platform - TriForma,,
TFANNOTATE_AREAPRECISION,,,"Variables for setting the precision of the area value generated by the space tool. Valid values are 0 - 6 with the default being 2. 6 : 3362.48725; 5 : 3362.48726; 4 : 3362.4873; 3 : 3362.487; 2 : 3362.49; 1 : 3362.5; 0 : 3362",FALSE,FALSE,XM,TriForma,Building Platform - TriForma,,
TFANNOTATION_CELL_LIBFILE,Filename       ,Annotation Tool Cell Library   ,Annotation Tool cell library file (TFANNOTATION_CELL_LIBFILE),FALSE,TRUE,XM,TriForma,Building Platform - TriForma,,
TFANNOTATION_CODEDNOTECELL_LIBFILE,Filename       ,Annotation Tool Coded Note Callout Cell Library ,Annotation Tool Coded Note Callout cell library file (TFANNOTATION_CODEDNOTECELL_LIBFILE),FALSE,TRUE,XM,TriForma,Building Platform - TriForma,,
TFANNOTATION_CODEDNOTETERMCELL_LIBFILE,Filename       ,Annotation Tool Coded Note Terminator Cell Library ,Annotation Tool Coded Note Terminator cell library file (TFANNOTATION_CODEDNOTETERMCELL_LIBFILE),FALSE,TRUE,XM,TriForma,Building Platform - TriForma,,
TFANNOTATION_OVERRIDES,Search Path     ,Annotation Tool Settings       ,Location of annotation settings file. (TFANNOTATION_OVERRIDES),FALSE,TRUE,XM,TriForma,Building Platform - TriForma,,
TFANNOTATION_PREFS,Directory  ,Annotation Tool Pref File Loc  ,Location of annotation tool user preference file. (TFANNOTATION_PREFS),FALSE,TRUE,XM,TriForma,Building Platform - TriForma,,
TFANNOTATION_SCALECELL_LIBFILE,Filename  ,Annotation Tool Scale Cell Library ,Annotation Tool scale cell library file (TFANNOTATION_SCALECELL_LIBFILE),FALSE,TRUE,XM,TriForma,Building Platform - TriForma,,
TFBREP_COMPRESSCACHE,Directory      ,,"Reduces the size of *.tfb files through compression. If TFBREP_NOTFILLCACHE is set to 1, this variable is not applicable.",FALSE,FALSE,XM,TriForma,Building Platform - TriForma,,
TFBREP_NOTFILLCACHE,Filename       ,,"Prevent creation of *.tfb; 0=no (don't prevent), 1=yes (do prevent).",FALSE,FALSE,XM,TriForma,Building Platform - TriForma,,
TFBXS_DEFNAME,,Drwg Definition Default Seed   ,Seed Drawing Definition to be used as the template for generating a new Drawing Definition. The seed definition must reside in the Drawing Definition Seed File. (TFBXS_DEFNAME),FALSE,TRUE,XM,TriForma,Building Platform - TriForma,,
TFBXS_IMPORTDEFDIR,,,Location of files with Drawing Definitions to be used when importing Drawing Definitions into the Drawing Extraction Manager. (TFBXS_IMPORTDEFDIR),FALSE,TRUE,XM,TriForma,Building Platform - TriForma,,
TFBXS_SEEDDIR,Directory      ,Drwg Definition Seed File Loc  ,Location of Drawing Definition Seed File. (TFBXS_SEEDDIR),FALSE,TRUE,XM,TriForma,Building Platform - TriForma,,
TFBXS_SEEDFILE,Filename  ,Drwg Definition Seed File      ,Seed file for seed Drawing Definitions. Can be set to point to a *.bxs or *.dgn file. (TFBXS_SEEDFILE),FALSE,TRUE,XM,TriForma,Building Platform - TriForma,,
TFCAT_CELL,Directory      ,Catalog Cell Libraries         ,Location of Cell Libraries used by Catalogs (TFCAT_CELL),FALSE,TRUE,XM,TriForma,Building Platform - TriForma,,
TFCAT_DIR,Filename       ,Catalogs                       ,Root location of Catalog files and directory  used by Catalogs. (TFCAT_DIR),FALSE,TRUE,XM,TriForma,Building Platform - TriForma,,
TFCAT_MENU,Search Path    ,Catalog Menu Files             ,Location of Catalog menu files. (TFCAT_MENU),FALSE,TRUE,XM,TriForma,Building Platform - TriForma,,
TFCAT_MENUFILE,Directory      ,Catalog Master Menu File       ,Name of master Catalog menu file: this is what appears at Building Designer>Menu>Catalogs>. (TFCAT_MENUFILE),FALSE,TRUE,XM,TriForma,Building Platform - TriForma,,
TFCELL_EXTENSION,Directory      ,Cell Library File Extensions   ,File Extensions to be used for listing cell library files. (TFCELL_EXTENSION),FALSE,TRUE,XM,TriForma,Building Platform - TriForma,,
TFDATASET_COMP_NOAUTOLOAD,None,AutoLoad Components            ,Avoids loading of Components at startup; 1-don't load. (TFDATASET_COMP_NOAUTOLOAD),FALSE,TRUE,XM,TriForma,Building Platform - TriForma,,
TFDATASET_CPART_NOAUTOLOAD,NONE           ,AutoLoad Compound Parts        ,Avoids loading of Compound Parts at startup; 1-don't load. (TFDATASET_CPART_NOAUTOLOAD),FALSE,TRUE,XM,TriForma,Building Platform - TriForma,,
TFDATASET_SHOWDUPLICATEFAMILIES,,,"Enables Parts & Family concatenation, first part defined is the one that will be used. (TFDATASET_SHOWDUPLICATEFAMILIES)",FALSE,FALSE,XM,TriForma,Building Platform - TriForma,,
TFDATATSET_SHOWDUPLICATEFAMILIES,Boolean        ,,Allows multiple family and part definition files. 1 = enabled,FALSE,FALSE,V8i,TriForma,Building Platform - TriForma,,
TFDIR,Search Path,Dataset Root                   ,Location of the root Dataset  which is required to run Building Designer. (TFDIR),FALSE,TRUE,XM,TriForma,Building Platform - TriForma,,
TFDIR_ASSEMBLIES,Directory,,Specifies the location of required dynamic link libraries (dll's).,FALSE,FALSE,XM,TriForma,Building Platform - TriForma,,
TFDIR_BAK,Directory      ,Backup Files                   ,Location of Building Designer Menu>Backup files. (TFDIR_BAK),FALSE,TRUE,XM,TriForma,Building Platform - TriForma,,
TFDIR_CELL,Search Path,Compound Cell Libraries        ,Location of Compound Cell Libraries. (TFDIR_CELL),FALSE,TRUE,XM,TriForma,Building Platform - TriForma,,
TFDIR_COMP,Search Path    ,Component Libraries            ,Location of Component libraries. (TFDIR_COMP),FALSE,TRUE,XM,TriForma,Building Platform - TriForma,,
TFDIR_CPART,Search Path    ,Compound Part Libraries        ,Location of Compound Part libraries. (TFDIR_CPART),FALSE,TRUE,XM,TriForma,Building Platform - TriForma,,
TFDIR_DATA,Search Path    ,Data Files                     ,Location of miscellaneous data files  including the *.stf files. (TFDIR_DATA),FALSE,TRUE,XM,TriForma,Building Platform - TriForma,,
TFDIR_ECAPPS,Search Path    ,,,FALSE,FALSE,XM,TriForma,Building Platform - TriForma,,
TFDIR_EXE,Directory      ,,,FALSE,FALSE,XM,TriForma,Building Platform - TriForma,,
TFDIR_FRAME,Directory,Frame Settings Files           ,Location of frame 'recipe' files  used by the Parametric Frame builder.  (TFDIR_FRAME),FALSE,TRUE,XM,TriForma,Building Platform - TriForma,,
TFDIR_GUIDE,Directory,Column Grids Files             ,Location of guide file  used by the Column Grids tool. (TFDIR_GUIDE),FALSE,TRUE,XM,TriForma,Building Platform - TriForma,,
TFDIR_IFC,Directory      ,,For import: IFC-files are searched in the folder defined by this variable ,FALSE,FALSE,XM,TriForma,Building Platform - TriForma,,
TFDIR_MACRO,Directory      ,Specification Macro Files      ,Location of macros for generating Specification books from text documents  using the Quantify tool. (TFDIR_MACRO),FALSE,TRUE,XM,TriForma,Building Platform - TriForma,,
TFDIR_MDLAPPS,Directory      ,,,FALSE,FALSE,XM,TriForma,Building Platform - TriForma,,
TFDIR_PART,Directory      ,Parts Libraries                ,Location of Building Designer Parts libraries. (TFDIR_PART),FALSE,TRUE,XM,TriForma,Building Platform - TriForma,,
TFDIR_SETTING,Directory      ,Settings Files                 ,Location of miscellaneous settings files  used by Frame Builder  Truss Builder  etc.  (TFDIR_SETTING),FALSE,TRUE,XM,TriForma,Building Platform - TriForma,,
TFDIR_TEXT,Directory      ,Specification Text Files       ,Location of Specification text files  used by Quantify. (TFDIR_TEXT),FALSE,TRUE,XM,TriForma,Building Platform - TriForma,,
TFDIR_XLS,Directory      ,Quantify Excel Seed File Loc   ,Location of Microsoft Excel seed file  used when Quantify report is in Excel format. (TFDIR_XLS),FALSE,TRUE,XM,TriForma,Building Platform - TriForma,,
TFKEY_DIR,,Keynote Settings               ,Location of keynote settings cells  and misc files  used by Keynotes tools. (TFKEY_DIR),FALSE,TRUE,XM,TriForma,Building Platform - TriForma,,
TFMODEL_ALLOWSYNCDRAWING,,Enable Synchronize Drawing command ,Controls behavior when issuing the command 'TFMODEL SYNCHDRAWING'.  If set to '1'  the command is enabled allowing a recalculation of the Drawing model base on the contents of the Master model.  If set to any other value  or not defined then command will,FALSE,TRUE,XM,TriForma,Building Platform - TriForma,,
TFMODEL_ALWAYSSYNCDRAWING,Directory      ,Always Synchronize Drawing on Open ,Controls the prompting behavior when opening a Drawing model that is not up to date with the master model.  If set to '1'  then NO prompt will be displayed when opening a Drawing model. TFMODEL_SYNCDRAWINGONOPEN must be set to 1.  Any other value will al,FALSE,TRUE,XM,TriForma,Building Platform - TriForma,,
TFMODEL_SYNCDRAWINGONOPEN,Keyword        ,Synchronize Drawing on Open    ,Controls behavior when opening a Drawing model that is not up to date with the master model.  If set to '1'  the prompt will allow a recalculation of the Drawing model base on the contents of the Master model.  Any other value will allow just a notificat,FALSE,TRUE,XM,TriForma,Building Platform - TriForma,,
TFPART_CACHE_RENDER,Keyword        ,Enable Part Rendering Cache    ,Caches Part Materials between rendering updates; 0=no  1=yes. (TFPART_CACHE_RENDER),FALSE,TRUE,XM,TriForma,Building Platform - TriForma,,
TFPART_RENDER,Keyword        ,Enable Rendering By Part       ,Indicates whether or not render-by-part features are enabled; 0=no  1=yes. (TFPART_RENDER),FALSE,TRUE,XM,TriForma,Building Platform - TriForma,,
TFPW_LOADED,Boolean        ,,This variable is set to 1 if running in PW enviornment.,FALSE,FALSE,XM,TriForma,Building Platform - TriForma,,
TFPW_QUIET_EXCHANGE,,Quiet Exchange                 ,If set  no checkin dialog is presented when exchanging between Building Designer Model and Drawing files. (TFPW_QUIET_EXCHANGE),FALSE,TRUE,XM,TriForma,Building Platform - TriForma,,
TFPW_QUIET_EXCHANGE_AUTOCHECKIN,,Quiet Exchange Auto Check In   ,If set  automatically checks in Building Designer Model and Drawing files when exchanging between Building Designer Model and Drawing files. Only used if TFPW_QUIET_EXCHANGE is set. (TFPW_QUIET_EXCHANGE_AUTOCHECKIN),FALSE,TRUE,XM,TriForma,Building Platform - TriForma,,
TFPW_REFDATA_USE_PW_DLG,Boolean        ,Dataset - ProjectWise Dialog   ,If set  uses ProjectWise dialog when accessing dataset files.   Normally not set. (TFPW_REFDATA_USE_PW_DLG),FALSE,TRUE,XM,TriForma,Building Platform - TriForma,,
TFPW_USE_EXT_ASSOCIATIONS,Boolean        ,Use PW Extension Associations  ,If set  uses ProjectWise extension associations when creating new Building Designer files.   Normally not set. (TFPW_USE_EXT_ASSOCIATIONS),FALSE,TRUE,XM,TriForma,Building Platform - TriForma,,
MS_APP,,Apps from 'TSK' statements     ,Search path(s) of applications started from 'TSK' statement in user commands.  (MS_APP),FALSE,FALSE,XM,User Command,Microstation,,
MS_EXIT,,Exit User Command              ,Name of a user command to be executed at exit.  (MS_EXIT),FALSE,TRUE,XM,User Command,Microstation,,
MS_INIT,,Startup User Command           ,Name of a user command to be executed at startup.  (MS_INIT),FALSE,TRUE,XM,User Command,Microstation,,
MS_NEWFILE,,New File User Command          ,Name of a user command to be executed when a new design file is opened.  (MS_NEWFILE),FALSE,TRUE,XM,User Command,Microstation,,
MS_UCM,Filename       ,User Commands                  ,Search path(s) for user commands.  (MS_UCM),FALSE,TRUE,XM,User Command,Microstation,,
_ARCH,,,,FALSE,FALSE,XM,UserDefined,UserDefined,,
_PID,Command Line,,,FALSE,FALSE,XM,UserDefined,UserDefined,,
_PLANT,Command Line,,,FALSE,FALSE,XM,UserDefined,UserDefined,,
_STRUCT,Command Line,,,FALSE,FALSE,XM,UserDefined,UserDefined,,
_SUITE,Command Line,,,FALSE,FALSE,XM,UserDefined,UserDefined,,
CVL_DATASETNAME,Command Line,,,FALSE,FALSE,XM,UserDefined,UserDefined,,
DEPT_2D,,,,FALSE,FALSE,XM,UserDefined,UserDefined,,
DEPT_3D,,,,FALSE,FALSE,XM,UserDefined,UserDefined,,
PDS_DATASETNAME,Command Line,,,FALSE,FALSE,XM,UserDefined,UserDefined,,
PID_DATASETNAME,Command Line,,,FALSE,FALSE,XM,UserDefined,UserDefined,,
PROJ_RSC,,,,FALSE,FALSE,XM,UserDefined,UserDefined,,
SCHEM_DATASETNAME,,,,FALSE,FALSE,XM,UserDefined,UserDefined,,
SCHEM_WORKSPACE,,,,FALSE,FALSE,XM,UserDefined,Schematics,,
ATFDIR_VBA,Directory      ,,Location of Visual Basic Applications specific to Architectural Building Designer.,FALSE,FALSE,XM,VBA,AECOsim Building Designer - Architectural,,
HVACDIR_VBA,Directory,,Specifies the directory location for the Visual Basic mvba files used to generate Mechanical Building Designer components.,FALSE,FALSE,XM,VBA,AECOsim Building Designer - Mechanical,,
MS_VBA_OPEN_IN_MEMORY,Filename       ,,,FALSE,FALSE,XM,VBA,Microstation,,
MS_VBAAUTOLOADPROJECTS,Keyword        ,Names of standard projects     ,Names of the projects that are opened when the VBA dialog box is opened.  (MS_VBAAUTOLOADPROJECTS),FALSE,TRUE,XM,VBA,Microstation,,
MS_VBAGUIDREFERENCES,,,,FALSE,FALSE,XM,VBA,Microstation,,
MS_VBANEWPROJECTDIRECTORY,Filename       ,Directory for new projects     ,Directory that is used when a new project is created. (MS_VBANEWPROJECTDIRECTORY),FALSE,FALSE,XM,VBA,Microstation,,
MS_VBAREQUIREDPROJECTS,,,,FALSE,FALSE,XM,VBA,Microstation,,
MS_VBASAVEONRUN,Directory      ,Automatically save VBA projects ,If set to 1  MicroStation automatically saves modified VBA projects everytime it starts running a VBA program.  (MS_VBASAVEONRUN),FALSE,TRUE,XM,VBA,Microstation,,
MS_VBASEARCHDIRECTORIES,,Directories to search for VBA projects ,Directories that are searched when opening an existing VBA project. (MS_VBASEARCHDIRECTORIES),FALSE,TRUE,XM,VBA,Microstation,,
MS_VBAV8TOV7DIALOG,Keyword        ,VBA V8 to V7 Dialog            ,Specifies the name of a VBA macro that opens a dialog to collect information to be used in translating a DGN file from V8 to V7 format. (MS_VBAV8TOV7DIALOG),FALSE,FALSE,XM,VBA,Microstation,,
MS_VBAV8TOV7FILTER,Search Path    ,VBA V8 to V7 Filter            ,Specifies the name of a VBA macro that sets up a translation filter when translating a DGN  from V8 to V7 format. (MS_VBAV8TOV7FILTER),FALSE,FALSE,XM,VBA,Microstation,,
TFDIR_VBA,Directory      ,VBA Files                      ,Location of Visual Basic Application files. (TFDIR_VBA),FALSE,TRUE,XM,VBA,Building Platform - TriForma,,
TFVBAPROJECTS_LOADONSTARTUP,,VBA Startup Projects           ,MVBA Projects to launch on Building Designer Startup. (TFVBAPROJECTS_LOADONSTARTUP),FALSE,TRUE,XM,VBA,Building Platform - TriForma,,
_USTN_PROJECTCFG,,Project Configuration          ,Name of project configuration file. (_USTN_PROJECTCFG),FALSE,FALSE,XM,Workspace,Microstation,,
_USTN_PROJECTDESCR,Filename       ,Project Description            ,Description of current project configuration. (_USTN_PROJECTDESCR),FALSE,TRUE,XM,Workspace,Microstation,,
_USTN_UIPATH,Directory      ,User Interface                 ,Search path for user interface modification resources. (_USTN_UIPATH),TRUE,FALSE,XM,Workspace,Microstation,,
_BENTLEYPOWERPID,,,,FALSE,FALSE,XM,,OpenPlant PID,,
_BMF_GEOMETRIC_TOLERANCE,,,,FALSE,FALSE,XM,,OpenPlant PID,,
_BMF_GEOMETRIC_VECTOR_PRECISION,,,,FALSE,FALSE,XM,,OpenPlant PID,,
_BMF_SYSTEM_SCHEMAS,,,,FALSE,FALSE,XM,,OpenPlant PID,,
_BRIEFCASE_CFG_,,,,FALSE,FALSE,XM,,,,
_BuildingDesigner,,,Set if product is AECOsim Building Designer.,FALSE,FALSE,V8i,,,,
_CIVIL,,,,FALSE,FALSE,XM,,UserDefined,,
_CREATE_DIRS,,,,FALSE,FALSE,XM,,,,
_DS_ALLOW_COMPATIBILITY_OVERRIDE,,,,FALSE,FALSE,XM,,,,
_DS_INSTALL_DIR,,,,FALSE,FALSE,XM,,,,
_DS_PARENT_CFG,,,,FALSE,FALSE,XM,,,,
_EDITOR,,,,FALSE,FALSE,XM,,,,
_ELEC,Command Line,,,FALSE,FALSE,XM,,UserDefined,,
_IMODELCOMPOSER,,,,FALSE,FALSE,XM,,,,
_MCM_CFG_,,,,FALSE,FALSE,XM,,,,
_MCM_PROMPTFORWORKPSACE,,,,FALSE,FALSE,XM,,,,
_MCM_PROMPTFORWORKSPACE,,,,FALSE,FALSE,XM,,,,
_MCS_APPEND_COMMODITY,,,,FALSE,FALSE,XM,,,,
_MCS_USERNAME,,,,FALSE,FALSE,XM,,,,
_MECH,Command Line,,,FALSE,FALSE,XM,,UserDefined,,
_MS,,,,FALSE,FALSE,XM,,,,
_MS_ID,,,,FALSE,FALSE,XM,,,,
_MSCONFIG_CFG_,Boolean        ,,,FALSE,FALSE,XM,,Microstation,,
_MSDRAFT,,,,FALSE,FALSE,XM,,OpenPlant PID,,
_NAV,,,,FALSE,FALSE,XM,,,,
_NAVIGATOR,,,,FALSE,FALSE,XM,,,,
_NAVIGATOR_ETC,,,,FALSE,FALSE,XM,,,,
_PRODUCT_LOCALUSERTEMPPATH,,,,FALSE,FALSE,XM,,,,
_PROGRAM_FILES,,,,FALSE,FALSE,XM,,,,
_PWGEO_MDLAPPS_SUBDIR,,,,FALSE,FALSE,XM,,,,
_USTN_AUDIT_APPS,Keyword        ,,,FALSE,FALSE,XM,,Microstation,,
_USTN_COMMONAPPDATAPATH,Keyword        ,,,FALSE,FALSE,XM,,Microstation,,
_USTN_ECAPPL,Boolean        ,,,FALSE,FALSE,XM,,Microstation,,
_USTN_FEATUREASPECTSDLLLIST,Directory      ,,,FALSE,FALSE,XM,,Microstation,,
_USTN_FILEHANDLERS,,,,FALSE,FALSE,XM,,Microstation,,
_USTN_FIRSTDGNAPPS,,,,FALSE,FALSE,XM,,Microstation,,
_USTN_GCROOT,,,,FALSE,FALSE,XM,,,,
_USTN_HELPTAG_FINDUSESDIALOG,,,,FALSE,FALSE,XM,,,,
_USTN_HELPTAG_ITEMS_DETAILS_DIALOG,,,,FALSE,FALSE,XM,,,,
_USTN_HELPTAG_ITEMS_DIALOG,,,,FALSE,FALSE,XM,,,,
_USTN_HELPTAG_ITEMS_DISPLAY_OPTIONS,,,,FALSE,FALSE,XM,,,,
_USTN_HELPTAG_ITEMS_OPEN_REPOSITORY,,,,FALSE,FALSE,XM,,,,
_USTN_HELPTAG_ITEMS_SEARCH_DIALOG,,,,FALSE,FALSE,XM,,,,
_USTN_HELPTAG_ITEMS_TREE_MANAGER,,,,FALSE,FALSE,XM,,,,
_USTN_HELPTAG_MARKUP_COMMENT,,,,FALSE,FALSE,XM,,,,
_USTN_HELPTAG_MARKUP_CUSTOMCOLUMNS,,,,FALSE,FALSE,XM,,,,
_USTN_HELPTAG_MARKUP_MAIN,,,,FALSE,FALSE,XM,,,,
_USTN_HELPTAG_MARKUP_NEWCOMMENT,,,,FALSE,FALSE,XM,,,,
_USTN_HELPTAG_MARKUP_PROPERTIES,,,,FALSE,FALSE,XM,,,,
_USTN_HELPTAG_MARKUP_SETTINGS,,,,FALSE,FALSE,XM,,,,
_USTN_ICONPRIMARYRSC,Directory      ,,,FALSE,FALSE,XM,,Microstation,,
_USTN_INSTALLED_WORKSPACEROOT,Directory      ,,,FALSE,FALSE,XM,,Microstation,,
_USTN_LOCALUSERAPPDATAPATH,,,,FALSE,FALSE,XM,,Microstation,,
_USTN_LOCALUSERTEMPPATH,Directory      ,,,FALSE,FALSE,XM,,Microstation,,
_USTN_MSINFOPATH,,,,FALSE,FALSE,XM,,Microstation,,
_USTN_PRODUCT_CONFIGVARNAME,,,,FALSE,FALSE,XM,,,,
_USTN_PRODUCT_COPYRIGHTYEARS,,,,FALSE,FALSE,XM,,,,
_USTN_PRODUCT_DIRNAME,,,,FALSE,FALSE,XM,,,,
_USTN_PRODUCT_FILEBASENAME,,,,FALSE,FALSE,XM,,,,
_USTN_PRODUCT_FILETYPENAME,,,,FALSE,FALSE,XM,,,,
_USTN_PRODUCT_FULLMARKETINGNAME,,,,FALSE,FALSE,XM,,,,
_USTN_PRODUCT_HELPFILENAME,,,,FALSE,FALSE,XM,,,,
_USTN_PRODUCT_NAME,,,,FALSE,FALSE,XM,,,,
_USTN_PRODUCT_SHORTMARKETINGNAME,,,,FALSE,FALSE,XM,,,,
_USTN_PRODUCT_SHORTNAME,,,,FALSE,FALSE,XM,,,,
_USTN_PRODUCT_TITLEBARNAME,,,,FALSE,FALSE,XM,,,,
_USTN_TFCFG,,,,FALSE,FALSE,XM,,,,
_USTN_TFROOT,Directory      ,,,FALSE,FALSE,XM,,Microstation,,
_USTN_UISTANDARDS,,,,FALSE,FALSE,XM,,Microstation,,
_USTN_USERAPPDATAPATH,,,,FALSE,FALSE,XM,,Microstation,,
_VERTICAL,Command Line,,,FALSE,FALSE,XM,,UserDefined,,
ALLOW_SAVE_GRID_REPORT,,,,FALSE,FALSE,XM,,OpenPlant PID,,
AUTOPLANT_PDW_CREATE_CONNECTIVITY_INSTANCES,,,,FALSE,FALSE,XM,,,,
AUTOPLANT_PDW_CREATE_FASTENER_INSTANCES,,,,FALSE,FALSE,XM,,,,
AUTOPLANT_PDW_DEFAULT_PROJECTOBJECTS,,,,FALSE,FALSE,XM,,,,
AUTOPLANT_PDW_OPENPLANT_SCHEMA,,,,FALSE,FALSE,XM,,,,
AUTOPLANT_PDW_OPENPLANT_SUPPLEMENTAL_SCHEMAS,,,,FALSE,FALSE,XM,,,,
AUTOPLANT_PDW_PROJECTOBJECTS_FILTER,,,,FALSE,FALSE,XM,,,,
AUTOPLANT_PDW_SCHEMA,,,,FALSE,FALSE,XM,,,,
AUTOPLANT_PDW_SUPPLEMENTAL_SCHEMAS,,,,FALSE,FALSE,XM,,,,
AUTOPLANT_PDW_USE_OPENPLANT_SCHEMA,,,,FALSE,FALSE,XM,,,,
AUTOPLANT_SETTINGS_CREATE_DOCUMENT_OBJECTS,,Create Document Objects ,Note that this does not apply when EC Plant Schema Mappings is set       ( 0 = Don't create document objects  1 = create document objects ),FALSE,FALSE,V8i,,Navigator,,
AUTOPLANT_SETTINGS_PROCESS_FASTENERS,,AutoPlant To EC Settings for the AutoPlant plug-in,Process Fastener components (gaskets  bolts  welds  etc.)   0 = Don't process fastener components  1 = process fastener components     ,FALSE,FALSE,V8i,,Navigator,,
BB_COMMON_EXPRESSIONS_DGNLIBLIST,Search Path,,,FALSE,FALSE,XM,,Bentley Architecture,,
BB_COMMON_GUIDGNLIBLIST,,,,FALSE,FALSE,XM,,Bentley Architecture,,
BMF_ASSEMBLY_BASE_TYPE,,,,FALSE,FALSE,XM,,OpenPlant PID,,
BMF_ASSEMBLY_DIR,,,,FALSE,FALSE,XM,,OpenPlant PID,,
BMF_ASSEMBLY_HIGHLIGHT_TEMPLATE,,,,FALSE,FALSE,XM,,OpenPlant PID,,
BMF_BEHAVIORAL_SCHEMA_NAMES,,,,FALSE,FALSE,XM,,OpenPlant PID,,
BMF_BORDER,,,,FALSE,FALSE,XM,,OpenPlant PID,,
BMF_BORDERS_BASE_CLASS_NAME,,,,FALSE,FALSE,XM,,OpenPlant PID,,
BMF_COMPONENT_MANAGER_DGNLIB,,,,FALSE,FALSE,XM,,OpenPlant PID,,
BMF_COMPONENT_MANAGER_SCHEMAS,,,,FALSE,FALSE,XM,,OpenPlant PID,,
BMF_COMPONENTBUILDER_CONNECTPOINT,,,,FALSE,FALSE,XM,,OpenPlant PID,,
BMF_DESIGNEXPLORER_DISPLAY_CHILD_NODES,,,,FALSE,FALSE,XM,,OpenPlant PID,,
BMF_DOCUMENT_TYPE_NAME,,,,FALSE,FALSE,XM,,OpenPlant PID,,
BMF_ENABLE_ECBROWSER_MANUAL_CLOSE,,,,FALSE,FALSE,XM,,OpenPlant PID,,
BMF_ENABLE_SUPRESS_IMPORT_SCHEMA_BY_ECBROWSER,,,,FALSE,FALSE,XM,,OpenPlant PID,,
BMF_ENABLE_UNLOCATABLE_SCHEMA_DISCOVERY_FIX,,,,FALSE,FALSE,XM,,OpenPlant PID,,
BMF_EXPORT_SCHEMA_OPTIONS,,,,FALSE,FALSE,XM,,OpenPlant PID,,
BMF_ICON_DEFAULT_COLOR,,,,FALSE,FALSE,XM,,OpenPlant PID,,
BMF_ICON_USE_COLOR,,,,FALSE,FALSE,XM,,OpenPlant PID,,
BMF_IS_ECBROWSER_MANUALLY_CLOSED,,,,FALSE,FALSE,XM,,OpenPlant PID,,
BMF_JIT_VALIDATION,,,,FALSE,FALSE,XM,,OpenPlant PID,,
BMF_ORIGIN_CELL,,,,FALSE,FALSE,XM,,OpenPlant PID,,
BMF_PROJECT_COMPONENT_ASSEMBLIES,,,,FALSE,FALSE,XM,,OpenPlant PID,,
BMF_PROJECT_REPORT_TEMPLATES,,,,FALSE,FALSE,XM,,OpenPlant PID,,
BMF_PROJECT_REPORTS,,,,FALSE,FALSE,XM,,OpenPlant PID,,
BMF_PROJECT_SCHEMA_NAMES,,,,FALSE,FALSE,XM,,OpenPlant PID,,
BMF_PROJECT_SCHEMAS,,,,FALSE,FALSE,XM,,OpenPlant PID,,
BMF_PROPERTY_ENABLER_SKIP_LIST,,,,FALSE,FALSE,XM,,OpenPlant PID,,
BMF_REQUIRES_UNIQUE_BUSINESSKEYS,,,,FALSE,FALSE,XM,,OpenPlant PID,,
BMF_SCHEMA_SELECTION_OPTIONS,,,,FALSE,FALSE,XM,,OpenPlant PID,,
BMF_SPEC_ASSEMBLY_PATH,,,,FALSE,FALSE,XM,,OpenPlant PID,,
BMF_SPEC_CONNECT,,,,FALSE,FALSE,XM,,OpenPlant PID,,
BMF_SPEC_LOCATION,,,,FALSE,FALSE,XM,,OpenPlant PID,,
BMF_SYSTEM_COMPONENT_ASSEMBLIES,,,,FALSE,FALSE,XM,,OpenPlant PID,,
BMF_USER_COMPONENT_ASSEMBLIES,,,,FALSE,FALSE,XM,,OpenPlant PID,,
BMF_VALID_TRANSPARENT,,,,FALSE,FALSE,XM,,OpenPlant PID,,
BMF_WAS_ECBROWSER_ACTIVE_WHEN_CLOSED,,,,FALSE,FALSE,XM,,OpenPlant PID,,
CAPABILITY_ACTIVATE_REFERENCE_EXTERNAL,Directory      ,,Allow active model to be set to an external reference (model not in masterfile).,FALSE,FALSE,XM,,Microstation,,
CAPABILITY_ACTIVATE_REFERENCE_INTERNAL,Command Line   ,,Allow active model to be set to an internal reference (model in the masterfile).,FALSE,FALSE,XM,,Microstation,,
CAPABILITY_ALLOW_NON_SHX_STYLES,Capability,,If OFF  only use SHX fonts and styles that are 100% DWG compatible,FALSE,FALSE,XM,,Microstation,,
CAPABILITY_BSPLINE_DISPLAY_CONTROL,Capability,,Allow per-element control of B-spline curve/surface/polygon display,FALSE,FALSE,XM,,Microstation,,
CAPABILITY_BYCELL,Capability,,allows the use of ByCell for elements.,FALSE,FALSE,XM,,Microstation,,
CAPABILITY_BYLEVEL,Capability,,allows the use of ByLevel for elements.,FALSE,FALSE,XM,,Microstation,,
CAPABILITY_CELLLIB_ALLOWUPGRADEV7,Capability,,Allow V7 cell libraries to be upgraded.,FALSE,FALSE,XM,,Microstation,,
CAPABILITY_CELLPATTERN,Capability,,Use ms cell pattern or acad named pattern,FALSE,FALSE,XM,,Microstation,,
CAPABILITY_CELLS_ATTRIBUTE_CHANGES,Capability,,Allows changes to sub-components attributes,FALSE,FALSE,XM,,Microstation,,
CAPABILITY_COLOR_MULTI_GRADIENT,Capability,,allows more than 2 colors in the gradient color picker.,FALSE,FALSE,XM,,Microstation,,
CAPABILITY_COLOR_SHOW_BACKGROUND,Capability,,allows use of background color on element.,FALSE,FALSE,XM,,Microstation,,
CAPABILITY_COLOR_SHOW_BOOKTAB,Capability,,show the book color tab on the color picker.,FALSE,FALSE,XM,,Microstation,,
CAPABILITY_COLOR_SHOW_GRADIENTTAB,Capability,,show the gradient color tab on the color picker.,FALSE,FALSE,XM,,Microstation,,
CAPABILITY_COLOR_SHOW_INDEXEDTAB,Capability,,show the index color tab on the color pickers.,FALSE,FALSE,XM,,Microstation,,
CAPABILITY_COLOR_SHOW_TRUECOLORTAB,Capability,,show the true color tab on the color pickers.,FALSE,FALSE,XM,,Microstation,,
CAPABILITY_COLORTABLE,Capability,,Allow color table attachment,FALSE,FALSE,XM,,Microstation,,
CAPABILITY_CREATE_COMPOUND_STYLE,Capability,,Allow creation of compound custom linestyles,FALSE,FALSE,XM,,Microstation,,
CAPABILITY_CREATE_POINT_STYLE,Capability,,Allow creation of point components in a custom linestyle,FALSE,FALSE,XM,,Microstation,,
CAPABILITY_CURVE_IN_CMPLXCH,Capability,,Allow curves in complex chain/shape,FALSE,FALSE,XM,,Microstation,,
CAPABILITY_CUSTOM_KEYPOINTS,Capability,,Allows applications to define custom keypoint snap locations for elements,FALSE,FALSE,XM,,Microstation,,
CAPABILITY_DDDESIGN,Capability,,Allow dimension driven design,FALSE,FALSE,XM,,Microstation,,
CAPABILITY_DEFAULT_FONTS,Capability,,Allow default font.rsc,FALSE,FALSE,XM,,Microstation,,
CAPABILITY_DESIGN_HISTORY,Capability,,allows Design History to be used.,FALSE,FALSE,XM,,Microstation,,
CAPABILITY_DGN_BLOCKS,Capability,,all DGN files with 1 model get treated as blocks. (File name becomes model name).,FALSE,FALSE,XM,,Microstation,,
CAPABILITY_DGNLINK_FOLLOW_TOCONFIGVAR,Capability,,Allow follow action for link to configuration variable.,FALSE,FALSE,XM,,Microstation,,
CAPABILITY_DGNLINK_FOLLOW_TOLINKSET,Capability,,Allow follow action for link to linkset.,FALSE,FALSE,XM,,Microstation,,
CAPABILITY_DGNLINK_MULTILINKS_PER_ELEM,Capability,,Allow more than one link per element,FALSE,FALSE,XM,,Microstation,,
CAPABILITY_DGNLINK_MULTILINKS_PER_ELEMENT,Capability,,allows more then one link per element.,FALSE,FALSE,XM,,Microstation,,
CAPABILITY_DGNLINK_NONDGN_REGIONLINKS,Capability,,allows word region  excel sheet  and bookmark links.,FALSE,FALSE,XM,,Microstation,,
CAPABILITY_DIGITAL_SIGNATURES,Capability,,allows the use of Digital Signature tools.,FALSE,FALSE,XM,,Microstation,,
CAPABILITY_DISPLAY_STYLE_EDITING,Capability,,Allow editing of display styles.,FALSE,FALSE,XM,,Microstation,,
CAPABILITY_ELEMENT_ASSOCIATION,Capability,,allows linear  mline and cell to be associated with elements.,FALSE,FALSE,XM,,Microstation,,
CAPABILITY_ELEMENT_CLASS,Capability,,allows user to set element class.,FALSE,FALSE,XM,,Microstation,,
CAPABILITY_ELEMENT_LOCK,Capability,,allows locking of elements.,FALSE,FALSE,XM,,Microstation,,
CAPABILITY_ELEMENT_PRIORITY,Capability,,Allow element priority to be set,FALSE,FALSE,XM,,Microstation,,
CAPABILITY_ELEMENT_TRANSPARENCY,Capability,,allows element transparency to be set. CAPABILITY_ELEMENT_PRIORITY allows element priority to be set.,FALSE,FALSE,XM,,Microstation,,
CAPABILITY_ELEMENTTEMPLATE_HONORELEMENTLOCK,Capability,,If true  locked elements will not be processed when applying symbology,FALSE,FALSE,XM,,Microstation,,
CAPABILITY_ELEMENTTEMPLATE_HONORLEVELLOCK,Capability,,If true  elements on locked levels will not be processed when applying symbology,FALSE,FALSE,XM,,Microstation,,
CAPABILITY_FENCE_NAME,Capability,,Allow the creation of named fences,FALSE,FALSE,XM,,Microstation,,
CAPABILITY_FILE_PROTECT,Capability,,allows the use of File Protection tools.,FALSE,FALSE,XM,,Microstation,,
CAPABILITY_GRAPHIC_GROUP,Capability,,allows Graphic Groups.,FALSE,FALSE,XM,,Microstation,,
CAPABILITY_GRID_ORIENTATION,Capability,,Select grid orientation to display,FALSE,FALSE,XM,,Microstation,,
CAPABILITY_IGDS_LINESTYLE,Capability,,Allow 1-7 IGDS linestyles,FALSE,FALSE,XM,,Microstation,,
CAPABILITY_INVISGEOM_BYELEMENT,Capability,,Allow control of invisible geometry display at element level,FALSE,FALSE,XM,,Microstation,,
CAPABILITY_LARGE_DESIGN_PLANE,Capability,,allows elements to extend beyond the (48x48) V7 design plane.,FALSE,FALSE,XM,,Microstation,,
CAPABILITY_LIGHTING_ALLOWLONGLIGHTNAMES,Capability,,Allow light names of more than 8 characters.,FALSE,FALSE,XM,,Microstation,,
CAPABILITY_LINESTYLES_CREATE_STDTXT,Capability,,(On by default) create text style Standard when importing .LIN files.,FALSE,FALSE,XM,,Microstation,,
CAPABILITY_MASK_CLIP,Capability,,Allow mask clipping of reference and or raster attachments,FALSE,FALSE,XM,,Microstation,,
CAPABILITY_MATERIAL_ASSIGNBYLEVELCOLOR,Capability,,allows the material to be assigned a Bylevel color.,FALSE,FALSE,XM,,Microstation,,
CAPABILITY_MODIFY_SELECTSERVER,Capability,,allows users to modify Select Server name and activation key.,FALSE,FALSE,XM,,Microstation,,
CAPABILITY_MULTILINE_ALLOW_ACTIVE,Capability,,Allow (active) settings for style elements,FALSE,FALSE,XM,,Microstation,,
CAPABILITY_MULTILINE_CAPSYMBOLOGY,Capability,,allows multi-line caps to use colors other than BySegment and styles  weights.,FALSE,FALSE,XM,,Microstation,,
CAPABILITY_MULTILINE_CLASS,Capability,,Allow multi-line styles to use construction class.,FALSE,FALSE,XM,,Microstation,,
CAPABILITY_MULTILINE_LINESTYLEMODS,Capability,,allows line style modifiers for multi-lines.,FALSE,FALSE,XM,,Microstation,,
CAPABILITY_MULTILINE_NOSTYLE,Capability,,Use Style(none) as active mline style,FALSE,FALSE,XM,,Microstation,,
CAPABILITY_MULTILINE_REQUIRESTANDARDSTYLE,Capability,,When TRUE  STANDARD can be renamed but not deleted.,FALSE,FALSE,XM,,Microstation,,
CAPABILITY_MULTILINE_WEIGHTS,Capability,,Allow multi-line styles to use line weights.,FALSE,FALSE,XM,,Microstation,,
CAPABILITY_NAMED_GROUPS,Capability,,Allow named groups to be created and used,FALSE,FALSE,XM,,Microstation,,
CAPABILITY_NOTE_ALL_FRAME_TYPES,Capability,,allows notes to have all of the text frame types.,FALSE,FALSE,XM,,Microstation,,
CAPABILITY_NOTE_ELBOWLENGTH,Capability,,Allow setting of elbow/hook line length for note,FALSE,FALSE,XM,,Microstation,,
CAPABILITY_NOTE_FRAME_SCALE,Capability,,allows notes to have text frame scale.,FALSE,FALSE,XM,,Microstation,,
CAPABILITY_NOTE_LEFTMARGIN,Capability,,Allow setting of left text margin,FALSE,FALSE,XM,,Microstation,,
CAPABILITY_NOTE_LOWERMARGIN,Capability,,Allow setting of lower text margin,FALSE,FALSE,XM,,Microstation,,
CAPABILITY_NOTE_MANUALATTACHMENT,Capability,,Allow note leader attached to the left or right side of text,FALSE,FALSE,XM,,Microstation,,
CAPABILITY_NOTE_MANUALJUSTIFICATION,Capability,,Allow note's text to have fixed left/center/right justification.,FALSE,FALSE,XM,,Microstation,,
CAPABILITY_PARASOLID,Capability,,Create Parasolid element,FALSE,FALSE,XM,,Microstation,,
CAPABILITY_PLACETEXT_DISPLAY_TOGGLES,Capability,,If ON  display the toggles in text tool settings to allow attributes to be overridden,FALSE,FALSE,XM,,Microstation,,
CAPABILITY_SAVEDVIEWS_APPLY_TO_SHEETS,Capability,,Allow saved view apply for sheet models,FALSE,FALSE,XM,,Microstation,,
CAPABILITY_SAVEDVIEWS_CREATE_FOR_SHEETS,Capability,,Allow saved view creation for sheet models,FALSE,FALSE,XM,,Microstation,,
CAPABILITY_SAVEDVIEWS_DELETE_FOR_SHEETS,Capability,,Allow saved view delete for sheet models,FALSE,FALSE,XM,,Microstation,,
CAPABILITY_SAVEDVIEWS_PROPS_FOR_SHEETS,Capability,,Allow saved view property edits for sheet models,FALSE,FALSE,XM,,Microstation,,
CAPABILITY_SAVEDVIEWS_UPDATE_FOR_SHEETS,Capability,,Allow saved view setting updates for sheet models,FALSE,FALSE,XM,,Microstation,,
CAPABILITY_SCALE_AXIS_INDEP,Capability,,allows independent modification to scale in x  y and z directions.,FALSE,FALSE,XM,,Microstation,,
CAPABILITY_SELF_REFERENCE,Capability,,Allow self-reference attachment,FALSE,FALSE,XM,,Microstation,,
CAPABILITY_SHAREDCELLS_FROM_ATTACHED_LIB,Capability,,Allow shared cells to be placed from attached lib,FALSE,FALSE,XM,,Microstation,,
CAPABILITY_SHAREDCELLS_FROM_REFERENCES,Capability,,Allow shared cells to be placed from reference files,FALSE,FALSE,XM,,Microstation,,
CAPABILITY_STANDARDSCHECKER,Capability,,552 /* Allow setting/configuring standards checker */,FALSE,FALSE,XM,,Microstation,,
CAPABILITY_TABLE_DESCRIPTION,Capability,,Allow creation of table description,FALSE,FALSE,XM,,Microstation,,
CAPABILITY_TAG_NOCELL_ELEMS,Capability,,Attach tag element to non-cell elements,FALSE,FALSE,XM,,Microstation,,
CAPABILITY_TAGS_COPY_WITH_BASE,Capability,,Disable tag copy with base element,FALSE,FALSE,XM,,Microstation,,
CAPABILITY_TYPE2_CELL,Capability,,Create type 2 cell,FALSE,FALSE,XM,,Microstation,,
CAPABILITY_TYPE90_ALL,Capability,,Import all types of raster data as type 90 elements,FALSE,FALSE,XM,,Microstation,,
CAPABILITY_UI_IGNOREMENUSFROMDGNLIBS,Capability,,ignore menus from DGLIB files - the default is to show the menus.,FALSE,FALSE,XM,,Microstation,,
CAPABILITY_UI_IGNOREMENUSFROMRSCMODFILE,Capability,,ignore menus from rsc and mod (.m01) files - the default is to show the menus.,FALSE,FALSE,XM,,Microstation,,
CAPABILITY_UI_LOADFROMACTIVEFILE,Capability,,used if you want to display the custom tools  tasks  and menus from the open DGN file in addition to those in the DGN library - default is to only show DGN library items.,FALSE,FALSE,XM,,Microstation,,
CAPABILITY_UNITS_DGNCOORDREADOUT,Capability,,"Display coordinates in DGN format (eg. 1:0 1/4 instead of 1'-0 1/4"")",FALSE,FALSE,XM,,Microstation,,
CAPABILITY_UNITS_DGNFORMAT,Capability,,"only shows DGN units (mu su pu) and hide DWG units (Arch.  Dec.  etc.)CAPABILITY_UNITS_DGNCOORDREADOUT display coordinates in DGN format (eg. 1:0 ¼ instead of 1' -0 ¼ "").",FALSE,FALSE,XM,,Microstation,,
CAPABILITY_UNITS_LABEL,Capability,,allows editing unit labels.,FALSE,FALSE,XM,,Microstation,,
CAPABILITY_UNITS_SCIENTIFIC_ACCURACY,Capability,,allows scientific accuracy (can't save to V7).,FALSE,FALSE,XM,,Microstation,,
CAPABILITY_UNITS_SUB,Capability,,allows setting sub units.,FALSE,FALSE,XM,,Microstation,,
CAPABILITY_VIEW_CLIP,Capability,,Allow view volume and mask clips.,FALSE,FALSE,XM,,Microstation,,
CAPABILITY_VIEW_ROTATE_SHEET_MODEL_VIEW,Capability,,Allow rotate of sheet model views,FALSE,FALSE,XM,,Microstation,,
CAPABILITY_VIEWATTRIBUTES,Capability,,Allows changes to all view attributes in DWG file,FALSE,FALSE,XM,,Microstation,,
CAPABILITY_VIEWGROUP_CREATION,Capability,,Allow view group creation,FALSE,FALSE,XM,,Microstation,,
CAPABILITY_VIEWGROUP_DELETION,Capability,,Allow view group deletion,FALSE,FALSE,XM,,Microstation,,
CAPABILITY_VIEWGROUP_UPDATE,Capability,,Allow view group property update,FALSE,FALSE,XM,,Microstation,,
CAPABILITY_WORDPROC_FIELD_CELLPLACEHOLDER,Capability,,Show cell placeholder option in field insertion list.,FALSE,FALSE,XM,,Microstation,,
CAPABILITY_WORDPROC_FIELD_LINKPLACEHOLDER,Capability,,Show link placeholder option in field insertion list.,FALSE,FALSE,XM,,Microstation,,
CAPABILITY_WORDPROC_FIELD_MODEL_PROPERTIES,Capability,,show model properties in field editor.,FALSE,FALSE,XM,,Microstation,,
CAPABILITY_WORDPROC_FIELD_MODELPROPERTIES,Capability,,show model properties in field editor,FALSE,FALSE,XM,,Microstation,,
CAPABILITY_WORDPROC_FIELD_PRINTPROPERTIES,Capability,,Show print properties in field editor.,FALSE,FALSE,XM,,Microstation,,
CAPABILITY_WORDPROC_FIELD_SIGNATUREPLACEHOLDER,Capability,,Show digital signature placeholder option in field insertion list.,FALSE,FALSE,XM,,Microstation,,
CAPABILITY_WORDPROCESSOR_USE_RSCFRACTIONS,Capability,,Allow use of single charater RSC font characters for fractions,FALSE,FALSE,XM,,Microstation,,
CAPABILTY_NOTE_MANUAL_JUSTIFICATION,Capability,,allows note's text to have fixed left/center/right justification.,FALSE,FALSE,XM,,Microstation,,
CLASHDETECTION_ANIMATION_COMPLETE_WITHIN_MILLISECS,,,,FALSE,FALSE,XM,,,,
CLASHDETECTION_ANIMATION_FRAMES_PER_SEC,,,,FALSE,FALSE,XM,,,,
CLASHDETECTION_ANIMATION_PAUSE_IN_BETWEEN_FOR_MILLISECS,,,,FALSE,FALSE,XM,,,,
CLASHDETECTION_DISPLAY_STYLE_INSIDE_CLIP_VOLUME,,,,FALSE,FALSE,XM,,,,
CLASHDETECTION_DISPLAY_STYLE_OUTSIDE_CLIP_VOLUME,,,,FALSE,FALSE,XM,,,,
CLASHDETECTION_ENGINE_RETAIN_SUPPRESSED_CLASHES,,,,FALSE,FALSE,XM,,,,
CLASS_EDITOR_EXE_PATH,,,,FALSE,FALSE,XM,,OpenPlant PID,,
CLASS_MAPPING_LIST,,,,FALSE,FALSE,XM,,OpenPlant PID,,
COMPONENT_INFOR_DIALOG_HEIGHT,,,,FALSE,FALSE,XM,,,,
CONNECT_TOL,,,,FALSE,FALSE,XM,,,,
CONNECTION_AUTOPLANT_ASSEMBLY_NAME,,Plant Interop Assembly names ,,FALSE,FALSE,V8i,,Navigator,,
CONNECTION_CAE_ASSEMBLY_NAME,,Plant Interop Assembly names ,,FALSE,FALSE,V8i,,Navigator,,
CONNECTION_ITERATOR_ASSEMBLY_NAME,,Plant Interop Assembly names ,,FALSE,FALSE,V8i,,Navigator,,
CONNECTION_PSDSWRAPPER_ASSEMBLY_NAME,,Plant Interop Assembly names ,,FALSE,FALSE,V8i,,Navigator,,
CONNECTION_XMPLANT_ASSEMBLY_NAME,,Plant Interop Assembly names ,,FALSE,FALSE,V8i,,Navigator,,
CSV_IMPORT_DOCUMENT_PATH,,,,FALSE,FALSE,XM,,,,
DATE_FORMAT,,,,FALSE,FALSE,XM,,,,
DATE_STYLE,,,,FALSE,FALSE,XM,,,,
DBSETUP_BUILD_STORAGE_TABLES_DB_SCRIPT,,,,FALSE,FALSE,XM,,PlantSpace,,
DBSETUP_DATA_PATH,,,,FALSE,FALSE,XM,,PlantSpace,,
DBSETUP_DB_VENDOR,,,Database vendor. (DBSETUP_DB_VENDOR),FALSE,FALSE,XM,,PlantSpace,,
DBSETUP_MAP_CHAR_TO_AMS_STRING,,,,FALSE,FALSE,XM,,,,
DBSETUP_POST_SQL_FILES,,,,FALSE,FALSE,XM,,PlantSpace,,
DBSETUP_PROD_DIRS,,,,FALSE,FALSE,XM,,PlantSpace,,
DBSETUP_PRODUCTS,,,Database commodity list. (DBSETUP_PRODUCTS),FALSE,FALSE,XM,,,,
DBSETUP_REMEMBER_LAST_DIR,,,,FALSE,FALSE,XM,,PlantSpace,,
DBSETUP_REMOVE_DB_SCRIPT,,,,FALSE,FALSE,XM,,PlantSpace,,
DBSETUP_SEARCH_PATH,,,,FALSE,FALSE,XM,,PlantSpace,,
DBSETUP_SETUP_DB_SCRIPT,,,,FALSE,FALSE,XM,,PlantSpace,,
DBSETUP_VENDOR_CFG,,,,FALSE,FALSE,XM,,PlantSpace,,
DEFAULT_MX_SYMBOLOGY,,,,FALSE,FALSE,XM,,,,
DS_ANNOTATION_DEFINITIONS,,,Class library defining annotation strings. (DS_ANNOTATION_DEFINITIONS),FALSE,FALSE,XM,,PlantSpace,,
DS_ANNOTATION_TERMCELLLIB,,,Cell library containing terminators for annotation leader line. (DS_ANNOTATION_TERMCELLLIB),FALSE,FALSE,XM,,PlantSpace,,
DS_CHECK_INPUT_METHODS,,,,FALSE,FALSE,XM,,PlantSpace,,
DS_DESCRIPTION_DEFS,,,,FALSE,FALSE,XM,,PlantSpace,,
DS_IL_SKIP_MIN_ELBOW_LENGTH,,,,FALSE,FALSE,XM,,PlantSpace,,
DS_ILCREATE_DELETE_SMARTLINE,,,,FALSE,FALSE,XM,,PlantSpace,,
DS_JPATH,,,,FALSE,FALSE,XM,,PlantSpace,,
DS_KEY_COMPONENT_FIRST_POINT,,,,FALSE,FALSE,XM,,PlantSpace,,
DS_KEY_COMPONENT_NEXT_ORIGIN,,,,FALSE,FALSE,XM,,PlantSpace,,
DS_KEY_COMPONENT_NEXT_POINT,,,,FALSE,FALSE,XM,,PlantSpace,,
DS_KEY_DECREMENT,,,,FALSE,FALSE,XM,,PlantSpace,,
DS_KEY_INCREMENT,,,,FALSE,FALSE,XM,,PlantSpace,,
DS_KEY_WRITE_ATTR_TO_LOG,,,,FALSE,FALSE,XM,,PlantSpace,,
DS_NO_SORT_ATTRIBUTES,,,,FALSE,FALSE,XM,,PlantSpace,,
DS_NONMATCHING_ATTRIBUTES,,,,FALSE,FALSE,XM,,PlantSpace,,
DS_README_DIR,,,,FALSE,FALSE,XM,,PlantSpace,,
DS_RESYMB_CELL_LIB_DD,,,One of the pre-defined cell libraries of replacement cells  which is referenced in the DRAW_RESYMB database table. (DS_RESYMB_CELL_LIB_DD),FALSE,FALSE,XM,,PlantSpace,,
DS_RESYMB_CELL_LIB_SCALED,,,One of the pre-defined cell libraries of replacement cells  which is referenced in the DRAW_RESYMB database table. (DS_RESYMB_CELL_LIB_SCALED),FALSE,FALSE,XM,,PlantSpace,,
DS_RESYMB_CELL_LIB_UNSCALED,,,One of the pre-defined cell libraries of replacement cells  which is referenced in the DRAW_RESYMB database table. (DS_RESYMB_CELL_LIB_UNSCALED),FALSE,FALSE,XM,,PlantSpace,,
DS_RESYMB_CENTERLINE_COLOR,,,Color number that centerlines will have in DEM output. (DS_RESYMB_CENTERLINE_COLOR),FALSE,FALSE,XM,,PlantSpace,,
DS_RESYMB_CENTERLINE_LEVEL,,,Level-name that centerlines will be on in DEM output. (DS_RESYMB_CENTERLINE_LEVEL),FALSE,FALSE,XM,,PlantSpace,,
DS_RESYMB_CENTERLINE_STYLE,,,Style number that centerlines will have in DEM output. (DS_RESYMB_CENTERLINE_STYLE),FALSE,FALSE,XM,,PlantSpace,,
DS_RESYMB_CENTERLINE_TOGGLE,,,If 1  centerlines are added to the DEM output for each component or replacement symbol.  If 0  centerlines are not added. (DS_RESYMB_CENTERLINE_TOGGLE),FALSE,FALSE,XM,,PlantSpace,,
DS_RESYMB_CENTERLINE_WEIGHT,,,Line-weight/thickness that centerlines will have in DEM output. (DS_RESYMB_CENTERLINE_WEIGHT),FALSE,FALSE,XM,,PlantSpace,,
DS_RESYMB_DRAW_AS_MINIMUM_SIZE,,,Components smaller than this size (in sub-units) will be drawn as if they were this size (the minimum effective size). (DS_RESYMB_DRAW_AS_MINIMUM_SIZE),FALSE,FALSE,XM,,PlantSpace,,
DS_RESYMB_DRAW_AS_TOGGLE,,,If 1  draw components smaller than the minimum effective size as if they were the minimum effective size. (DS_RESYMB_DRAW_AS_TOGGLE),FALSE,FALSE,XM,,PlantSpace,,
DS_RESYMB_LOG_FILE,,,A text log file with diagnostic messages from the process of replacing components with symbols.. (DS_RESYMB_LOG_FILE),FALSE,FALSE,XM,,PlantSpace,,
DS_RESYMB_LOG_FILE_LEVEL,,,The smaller numbers provide the fewest messages  and the larger numbers provide more messages.  Valid values are: 1  3  7  15  and 31. (DS_RESYMB_LOG_FILE_LEVEL),FALSE,FALSE,XM,,PlantSpace,,
DS_RESYMB_MINIMUM_VISIBLE_SIZE,,,Items smaller than this size (in sub-units) are omitted from the drawing. (DS_RESYMB_MINIMUM_VISIBLE_SIZE),FALSE,FALSE,XM,,PlantSpace,,
DS_RESYMB_RESYMBOLIZATION_TOGGLE,,,If 1  replace components with cells/symbols.  If 0  skip resymbolization. (DS_RESYMB_RESYMBOLIZATION_TOGGLE),FALSE,FALSE,XM,,PlantSpace,,
DS_RESYMB_SCALING_PT0_CELL,,,A scaled (replacement) cell uses the connect point locations.  A nested cell with this name is used to define where the first point is with respect to the replacement cell. (DS_RESYMB_SCALING_PT0_CELL),FALSE,FALSE,XM,,PlantSpace,,
DS_RESYMB_SCALING_PT1_CELL,,,A scaled (replacement) cell uses the connect point locations.  A nested cell with this name is used to define where the second point is with respect to the replacement cell. (DS_RESYMB_SCALING_PT1_CELL),FALSE,FALSE,XM,,PlantSpace,,
DS_RESYMB_SCALING_PT2_CELL,,,A scaled (replacement) cell uses the connect point locations.  A nested cell with this name is used to define where the third point is with respect to the replacement cell. (DS_RESYMB_SCALING_PT2_CELL),FALSE,FALSE,XM,,PlantSpace,,
DS_RESYMB_SCALING_PT3_CELL,,,A scaled (replacement) cell uses the connect point locations.  A nested cell with this name is used to define where the fourth point is with respect to the replacement cell. (DS_RESYMB_SCALING_PT3_CELL),FALSE,FALSE,XM,,PlantSpace,,
DS_RESYMB_SCALING_PT4_CELL,,,A scaled (replacement) cell uses the connect point locations.  A nested cell with this name is used to define where the fifth point is with respect to the replacement cell. (DS_RESYMB_SCALING_PT4_CELL),FALSE,FALSE,XM,,PlantSpace,,
DS_RESYMB_SINGLELINE_GAP_SIZE,,,Minimal or standard spacing distance (in sub-units  unscaled). (DS_RESYMB_SINGLELINE_GAP_SIZE),FALSE,FALSE,XM,,PlantSpace,,
DS_RESYMB_SINGLELINE_TOGGLE,,,If 1 replace components with singe-line cells/symbols.  If 0  skip singe-line resymbolization. (DS_RESYMB_SINGLELINE_TOGGLE),FALSE,FALSE,XM,,PlantSpace,,
DS_RESYMB_SINGLELINETHRESHOLD,,,Items this size or smaller (in sub-units) use single-line replacement symbols. Larger items use double-line replacement symbols. (DS_RESYMB_SingleLineThreshold),FALSE,FALSE,XM,,PlantSpace,,
DS_RESYMB_WORKFILE,,,This .dgn file shows the replacement symbols before they are processed by hidden-line removal.  This is helpful for determining if the replacement symbols are configured properly. (DS_RESYMB_WORKFILE),FALSE,FALSE,XM,,PlantSpace,,
DS_SLOPE_MULTIPLIER,,,,FALSE,FALSE,XM,,PlantSpace,,
DS_SLOPE_UNIT_TEXT,,,,FALSE,FALSE,XM,,PlantSpace,,
DS_SPECIFY_ATTRIBUTES_FOR_CUSTOM,,,,FALSE,FALSE,XM,,PlantSpace,,
DS_SYMB_LIBRARY,,,Class library defining level and symbology. (DS_SYMB_LIBRARY),FALSE,FALSE,XM,,PlantSpace,,
DS_USER_CFG_DIR,,,Root directory for files customized by customer. (DS_USER_CFG_DIR),FALSE,FALSE,XM,,PlantSpace,,
DS_WORKFILES,,,,FALSE,FALSE,XM,,PlantSpace,,
DSHOME,,,Location of Design Series software. (DSHOME),FALSE,FALSE,XM,,PlantSpace,,
DSKEYPTS TOGGLE,,,,FALSE,FALSE,XM,,PlantSpace,,
EC_EXTENSION_ASSEMBLIES,,,Specifies assemblies which contain EC Framework extensions.  (EC_EXTENSION_ASSEMBLIES). Used for internal implementation. Do not modify.,FALSE,FALSE,XM,,,,
EC_NEEDPARASOLID,,,,FALSE,FALSE,XM,,,,
ECBROWSER_LOAD_ON_STARTUP,,,,FALSE,FALSE,XM,,,,
ECOM_CONNECTION_GROUPING_CLASS_LIBRARY_PDS,,,,FALSE,FALSE,XM,,,,
ECOM_CONNECTION_GROUPING_CLASS_LIBRARY_PIW,,,,FALSE,FALSE,XM,,,,
ECOM_CONNECTION_GROUPING_CLASS_LIBRARY_PSDS,,,,FALSE,FALSE,XM,,,,
ECOM_CONNECTION_GROUPING_CLASS_LIBRARY_TRIFORMA,,,,FALSE,FALSE,XM,,,,
ECOM_CONNECTION_GROUPING_CLASS_NAME_PDS,,,,FALSE,FALSE,XM,,,,
ECOM_CONNECTION_GROUPING_CLASS_NAME_PIW,,,,FALSE,FALSE,XM,,,,
ECOM_CONNECTION_GROUPING_CLASS_NAME_PSDS,,,,FALSE,FALSE,XM,,,,
ECOM_CONNECTION_GROUPING_CLASS_NAME_TRIFORMA,,,,FALSE,FALSE,XM,,,,
EXPORT_STYLES_FILENAME,,,,FALSE,FALSE,XM,,,,
FORMATTED_STATION_REGION_DISPLAY,,,,FALSE,FALSE,XM,,,,
GAP_TOL,,,,FALSE,FALSE,XM,,,,
GC_DISPLAY_CELL_DETAIL,,,,FALSE,FALSE,XM,,Generative Components,,
GC_FULL_PATH_OF_ASSEMBLY_LOAD_SEQUENCE_FILE,,,,FALSE,FALSE,XM,,Generative Components,,
GC_FULL_PATH_OF_CSHARP_COMPILER_OUTPUT_FILE,,,,FALSE,FALSE,XM,,Generative Components,,
GC_OPENDGNDIALOG,,,,FALSE,FALSE,XM,,Generative Components,,
GCDIR_ASSEMBLIES,,,,FALSE,FALSE,XM,,Generative Components,,
GCDIR_DESIGN_FILES,,,,FALSE,FALSE,XM,,Generative Components,,
GCDIR_FEATURE_SOURCE_FILES,,,,FALSE,FALSE,XM,,Generative Components,,
GCDIR_GC_ASSEMBLIES,,,,FALSE,FALSE,XM,,Generative Components,,
GCDIR_LOCALAPPDATA,,,,FALSE,FALSE,XM,,Generative Components,,
GCDIR_MDLAPPS,,,,FALSE,FALSE,XM,,Generative Components,,
GCDIR_PROGINT,,,,FALSE,FALSE,XM,,Generative Components,,
GCDIR_PROGRAM,,,,FALSE,FALSE,XM,,Generative Components,,
GCDIR_SHADOW_ASSEMBLIES,,,,FALSE,FALSE,XM,,Generative Components,,
GCDIR_TRANSACTION_FILES,,,,FALSE,FALSE,XM,,Generative Components,,
GCDIR_USER_ASSEMBLIES,,,,FALSE,FALSE,XM,,Generative Components,,
GCDIR_WORKDGN,,,,FALSE,FALSE,XM,,Generative Components,,
GCDIR_WORKSPACE,,,,FALSE,FALSE,XM,,Generative Components,,
HISTORY_MAX_MINOR_VERSIONS,,,The number of minor versions for the Limit History command to preserve in the history file. MSDIR MicroStation root installation directory. MSLOCAL Specifies the base directory path for where the required writable portions (that is  local for a network in,FALSE,FALSE,XM,,,,
HSC_EST_LAYOUTS,,,,FALSE,FALSE,XM,,Generative Components,,
IFM_PROJDIR,,,,FALSE,FALSE,XM,,,,
IFM_TEXT_FONTNAME,,,,FALSE,FALSE,XM,,,,
IM_ANIMATION_COMPLETE_WITHIN_MILLISECS,,,,FALSE,FALSE,XM,,,,
IM_ANIMATION_FRAMES_PER_SEC,,,,FALSE,FALSE,XM,,,,
IM_ANIMATION_PAUSE_IN_BETWEEN_FOR_MILLISECS,,,,FALSE,FALSE,XM,,,,
IM_ENGINE_INTERFERENCE_DISCOVERY_LIMIT,,,,FALSE,FALSE,XM,,,,
IM_ENGINE_RETAIN_SUPPRESSED_INTERFERENCES,,,,FALSE,FALSE,XM,,,,
IMPORT_AECXML_GROUPS_AS_PHASES,,,,FALSE,FALSE,XM,,,,
INROADSAT_COMMON_PATH,,,,FALSE,FALSE,XM,,,,
INROADSXM_COMMON_PATH,,,,FALSE,FALSE,XM,,Civil- InRoads,,
INVALID_COMPONENT_TEMPLATE,,,,FALSE,FALSE,XM,,OpenPlant PID,,
ISOKEEPFILES,,,,FALSE,FALSE,XM,,Civil- InRoads,,
ITEM_TOTAL_QUANTITY_ROUNDING,,,,FALSE,FALSE,XM,,,,
JCOMPRESS,,,,FALSE,FALSE,XM,,Jspace,,
JEXPORT_GROUPCLASS,,,,FALSE,FALSE,XM,,Jspace,,
JLOAD,,,,FALSE,FALSE,XM,,Jspace,,
JMSGLOG_LEVEL,,,,FALSE,FALSE,XM,,Jspace,,
JNODISPLAY,,,,FALSE,FALSE,XM,,Jspace,,
JPATH,,,,FALSE,FALSE,XM,,Jspace,,
JPATH_ASSEMBLY,,,,FALSE,FALSE,XM,,Jspace,,
JREADAPDATA,,,,FALSE,FALSE,XM,,Jspace,,
JS_EXPRESSION_FILE,,,,FALSE,FALSE,XM,,Jspace,,
JS_FUNCTION_FILE,,,,FALSE,FALSE,XM,,Jspace,,
JS_MACHINE_ID,,,,FALSE,FALSE,XM,,Jspace,,
JS_STROKE_TOLERANCE,,,,FALSE,FALSE,XM,,Jspace,,
JS_TEXT_EDITOR,,,,FALSE,FALSE,XM,,Jspace,,
JSUSTNXN_CONNECTION_TOLERANCE,,,,FALSE,FALSE,XM,,Jspace,,
JSUSTNXN_JSMDIR,,JSpace Model Directory         ,Defines the directory where to put all JSpace Models. (JSUSTNXN_JSMDIR),FALSE,TRUE,XM,,Jspace,,
JSUSTNXN_MAXPOLYSIDES,,,,FALSE,FALSE,XM,,Jspace,,
JSUSTNXN_QUEUES,Directory      ,JSpace Model Queues            ,Defines a list of JSpace processing files that are executed against each JSpace Model that is created. (JSUSTNXN_QUEUES),FALSE,TRUE,XM,,Jspace,,
JTBBLDR_DATA,,,,FALSE,FALSE,XM,,,,
JTDELETE_RECONNECT,,,,FALSE,FALSE,XM,,,,
JTLINE_AUTOROUTE_TIMEOUT,,,,FALSE,FALSE,XM,,,,
JTLINE_CELLSETTING,,,,FALSE,FALSE,XM,,,,
JTLINE_LINEARROW,,,,FALSE,FALSE,XM,,,,
JTLINE_LINETYPES,,,,FALSE,FALSE,XM,,,,
JTOOLS_ASSOCIATEDTOL,,,,FALSE,FALSE,XM,,,,
JTOOLS_LIBS,,,,FALSE,FALSE,XM,,,,
JTOOLS_LINE_CLASSES,,,,FALSE,FALSE,XM,,,,
JTOOLS_LOCATETOL,,,,FALSE,FALSE,XM,,,,
JTSETTINGS_ALIAS,,,,FALSE,FALSE,XM,,,,
JTTAG_AUTOLOAD,,,,FALSE,FALSE,XM,,,,
JTTAG_COLORDEFAULTS,,,,FALSE,FALSE,XM,,,,
JTTAG_TAGDEFLIB,,,,FALSE,FALSE,XM,,,,
LBLCVT_LIB,,,Default class library to use for label convert. (LBLCVT_LIB),FALSE,FALSE,XM,,,,
LBLCVT_OLD_DEFINITION_FILE,,,Name of rimref.dat file used to read attributes from existing elements. (LBLCVT_OLD_DEFINITION_FILE),FALSE,FALSE,XM,,,,
LBLCVT_REPLACE_NONVALID_POUND_SIGN,,,"If defined  replace value of ""#"" with first matching value. (LBLCVT_REPLACE_NONVALID_POUND_SIGN)",FALSE,FALSE,XM,,,,
LCL_ATFDIR_FRAME,,,,FALSE,FALSE,XM,,,,
MESH_LEVEL_OVERRIDE,,,,FALSE,FALSE,XM,,,,
MINANGLE,,,,FALSE,FALSE,XM,,,,
MINDELTA,,,,FALSE,FALSE,XM,,,,
MS_80TRUETYPESCALE,,,If set to 1  TrueType fonts using nonstandard TrueType definitions will display as they did prior to V8.,FALSE,FALSE,XM,,,,
MS_81TEXTNODEMIRRORING,,,If set  MicroStation uses the V8.1 method for mirroring a selection with Mirror Text turned off. When this option is on  two problems can occur: some style runs (collections of characters with the same text styles applied) may be reversed when mirrored ab,FALSE,FALSE,XM,,,,
MS_ACIS,Directory      ,,Directory containing the ACIS subsystem.,FALSE,FALSE,XM,,Microstation,,
MS_ALWAYSRELATIVEREFPATH,Search Path    ,,if this variable is set to any value  MicroStation always turns on the Save Relative Path toggle and disables it so that it cannot be turned off. It will save relative paths whenever possible.,FALSE,FALSE,XM,,Microstation,,
MS_BATCHCONVERT_NOTIMECHECK,Directory      ,,,FALSE,FALSE,XM,,Microstation,,
MS_BUTTONMENU,Boolean        ,,Location of the user Mouse Button assignments file (*.btnmenu).,FALSE,FALSE,XM,,Microstation,,
MS_CFGVARS_APPS,Filename       ,,,FALSE,FALSE,XM,,Microstation,,
MS_CLRUICULTURE,Filename       ,,used for internal implementation. Do not modify.,FALSE,FALSE,XM,,Microstation,,
MS_CUSTOMFONTCREATION_ENABLE,,,If set to 1  MicroStation uses a custom font to render text characters that cannot be rendered using the font with which a text element was placed.,FALSE,FALSE,XM,,,,
MS_CUSTOMIZE_REPORT_STYLESHEET,,,sets the Custom Style Sheet for XML report generation.,FALSE,FALSE,XM,,Microstation,,
MS_DATA_PDFL,,,,FALSE,FALSE,XM,,,,
MS_DBDLM,,,,FALSE,FALSE,XM,,,,
MS_DBODBCDATEFORMAT,,,,FALSE,FALSE,XM,,,,
MS_DCSTANDARD,Filename       ,,,FALSE,FALSE,XM,,Microstation,,
MS_DEFAULT_MAINTASKPATH,Keyword        ,,,FALSE,FALSE,XM,,Microstation,,
MS_DEFAULT_PLTCFG_FILE,,,Name of printer driver configuration (.pltcfg or .plt) file that loads  rather than last one used.,FALSE,FALSE,XM,,,,
MS_DEFAULT_SOLID_EXTENT,Search Path    ,,,FALSE,FALSE,XM,,Microstation,,
MS_DEFAULTSHEETRGB,,,Allows you to specify a different background color  which is used when you create the first sheet model. Expects an RGB triplet separated by commas.,FALSE,FALSE,XM,,,,
MS_DESCARTES,Keyword        ,,,FALSE,FALSE,XM,,Microstation,,
MS_DESCARTESDIR,Filename       ,,,FALSE,FALSE,XM,,Microstation,,
MS_DESIGNFILTER,,,"Default file filter for the File Open  Open  and Save As dialogs. If MS_DESIGNFILTER is not defined  the default filter is ""*.dgn"".",FALSE,FALSE,XM,,,,
MS_DESIGNSEEDNAME,,,,FALSE,FALSE,XM,,,,
MS_DETAILINGSYMBOLS_CELLLIST,Keyword        ,,defines the list of cell libraries to be searched for cells used as callout heads in detailing symbols. By default  cells in ustation.dgnlib are used.,FALSE,FALSE,XM,,Microstation,,
MS_DGNAUTOSAVE,,Design File Auto-Save          ,Determines the frequency  in seconds  of the auto-save timer for V8 format Files. For example  if set to 2 (the default)  an auto-save will occur when there was no user activity for about 2 seconds. If set to 0  auto-save is disabled. (MS_DGNAUTOSAVE),FALSE,FALSE,XM,,Microstation,,
MS_DGNMACROS,Keyword        ,,,FALSE,FALSE,XM,,Microstation,,
MS_DGNSET_APPS,,,,FALSE,FALSE,XM,,Microstation,,
MS_DIMENSIONPROXY,Directory      ,,,FALSE,FALSE,XM,,Microstation,,
MS_DISABLEWINDOWGHOSTING,,,(For use on Windows Vista or later) If set to 1 or ON  disables the window ghosting mechanism in the Windows OS for the MicroStation process. Windows creates a ghost window for the application's windows when it determines that an application has been unre,FALSE,FALSE,XM,,,,
MS_DISALLOWRELATIVEREFPATH,,,When set to 1  you cannot save a relative path for a reference. The Save Relative Path check box is removed from the Attach Reference dialog.,FALSE,FALSE,XM,,,,
MS_DISTRIBUTED_DGN_AUTO_FOCUS_ON_NEW_CONFLICTS,Boolean        ,,specifies whether the Conflicts dialog opens when the Refresh Local Copy command detects a new conflict. The default is on.,FALSE,FALSE,XM,,Microstation,,
MS_DISTRIBUTED_DGN_COMMIT_ON_CLOSE,Keyword        ,Commit before close            ,specifies whether changes are committed to the distributed DGN before the file is closed.,FALSE,TRUE,XM,,Microstation,,
MS_DISTRIBUTED_DGN_COMMIT_ON_SAVE,,Commit on save                 ,specifies whether changes are committed to the distributed DGN when the file is saved.,FALSE,TRUE,XM,,Microstation,,
MS_DISTRIBUTED_DGN_CONFLICT_BY,NONE           ,,specifies how conflicts should be detected. MODEL detects conflicts within the same model. GG detects conflicts involving the same graphic group. Default is MODEL.,FALSE,FALSE,XM,,Microstation,,
MS_DOCKINGPREFSEED,,,,FALSE,FALSE,XM,,,,
MS_DRAWINGMODELSEED,,,,FALSE,FALSE,XM,,,,
MS_DRAWINGMODELSEEDNAME,,,,FALSE,FALSE,XM,,,,
MS_DWG_ALLOW_APPBLOCKCHANGE,,,,FALSE,FALSE,XM,,OpenPlant PID,,
MS_DWG_DISCARD_INVAID,,,If set  entities that are outside the DGN design plane are discarded and will not be written back to the DWG file on the next file save. If the variable is not set  MicroStation ignores these entities.,FALSE,FALSE,XM,,,,
MS_DWG_FEETUNIT_AS_ARCHENG,,,If set  when a DGN file with Working Units set to Feet-Inches  Format set to Master Units  and Units on the Save As DWG/DXF Options dialog set to Master Units  the resulting DWG file has Engineering or Architectural units in AutoCAD. (If not set  the unit,FALSE,FALSE,XM,,,,
MS_DWG_LEADER_HOOKLINE,,,If set  an inline elbow displays on notes that did not have an elbow when first created.,FALSE,FALSE,XM,,,,
MS_DWG_MAX_DICTIONARYITEMS,,,(Affects DWG files with many dictionary items.) A dictionary item is non-graphical data stored in the DWG file that often does not impact the visible elements. When opening a file  if the DWG file has a large number of these items  performance can be slow,FALSE,FALSE,XM,,,,
MS_DWGNODIRECTPROXIES,,,Controls how direct proxies (Autodesk Architectural Desktop multi-view block references) are displayed. If set to 1  only the proxy entity's graphics or bounding box display. If set to 0  these proxy entities display as 2D or 3D representations  and they ,FALSE,FALSE,XM,,,,
MS_DWGOMITUNIQUEEXTENSION,,,If more than one file with the same name is present in the same directory  appends the extension to the output filename when saving the file.,FALSE,FALSE,XM,,,,
MS_DWGREF_ALLOWMASTERCOLORS,,,Defines how MicroStation uses color tables for DWG or DXF files attached as references.,FALSE,FALSE,XM,,,,
MS_DXF_PRECISION,Keyword        ,,sets the number of decimal places for real numbers when saving file to DXF. Valid value is an integer number between 1 and 16.,FALSE,FALSE,XM,,Microstation,,
MS_ECFRAMEWORK_SCHEMAS,Directory      ,,location of XML schemas for Extensions.,FALSE,FALSE,XM,,Microstation,,
MS_ECREPOSITORY_PROPERTYENAB,,,,FALSE,FALSE,XM,,,,
MS_ECREPOSITORY_PROPERTYENABLER_SKIPPED_ECSCHEMAS,,,,FALSE,FALSE,XM,,Microstation,,
MS_ELEMENTEXPLORER_ENABLERS,,,,FALSE,FALSE,XM,,Microstation,,
MS_EXE,,,,FALSE,FALSE,XM,,Microstation,,
MS_FEATURE,,,,FALSE,FALSE,XM,,Microstation,,
MS_FILTEREDCODECS,Keyword        ,,list of codecs that should not display when exporting a movie from the animator.,FALSE,FALSE,XM,,Microstation,,
MS_FONTCONFIGFILE,,,specifies the name of the font configuration file. By default  this is $(MS_SYSFONTDIR)/ MstnFontConfig.xml.,FALSE,FALSE,XM,,Microstation,,
MS_FONTPATH,Filename       ,,specifies a list of directories that are searched to locate fonts. Any .RSC  .SHX  or .TTF/TTC file found in any directory in the list is loaded and used. By default ,FALSE,FALSE,XM,,Microstation,,
MS_GEOCOORDINATE_DATA,,,Directory where MicroStation GeoCoordinate data is installed.,FALSE,FALSE,XM,,Microstation,,
MS_GEOCOORDINATE_FAVORITESFILES,Keyword        ,,Directory set aside for quick access to geographic coordinate systems. The contents of this directory appear in the Favorites folder on the Select Geographic Coordinate System dialog´s Library tab.,FALSE,FALSE,XM,,Microstation,,
MS_GEOCOORDINATE_REFSETTINGS,,,directory where MicroStation stores the default reference reprojection settings. There is rarely a need for users to change it.,FALSE,FALSE,XM,,Microstation,,
MS_GEOCOORDINATE_REPROJECTIONSETTINGS,,,directory where MicroStation stores the reprojection settings. There is rarely a need for users to change it.,FALSE,FALSE,XM,,Microstation,,
MS_GEOCOORDINATE_USERLIBRARIES,,,"this configuration variable is string of the form ""LibraryPath1[ShortName1];LibraryPath2[ShortName2]""  where LibraryPath<n> is the file name of the library  and [ShortName<n>] optionally specifies the identifier that appears in the Select Geographic Coord",FALSE,FALSE,XM,,Microstation,,
MS_GEOPRINTPREP_APP,,,,FALSE,FALSE,XM,,,,
MS_GEOPRINTPREP_ARROW,,,,FALSE,FALSE,XM,,,,
MS_GEOPRINTPREP_DEFAULTS,,,,FALSE,FALSE,XM,,,,
MS_GEOPRINTPREP_DGNLIB,,,,FALSE,FALSE,XM,,,,
MS_GEOPRINTPREP_DGNLIBLIST,,,,FALSE,FALSE,XM,,,,
MS_GEOPRINTPREP_DIR,,,,FALSE,FALSE,XM,,,,
MS_GEOPRINTPREP_FUNCLIB,,,,FALSE,FALSE,XM,,,,
MS_GEOPRINTPREP_PDFFILENAME,,,,FALSE,FALSE,XM,,,,
MS_GEOPRINTPREP_PDFPLOTCFG,,,,FALSE,FALSE,XM,,,,
MS_GEOPRINTPREP_SHEETDEFS,,,,FALSE,FALSE,XM,,,,
MS_GEOPRINTPREP_SHEETSIZESDGNLIB,,,,FALSE,FALSE,XM,,,,
MS_GEOPRINTPREP_USERTEXTINFO,,,,FALSE,FALSE,XM,,,,
MS_GEOPRINTPREP_VBA,,,,FALSE,FALSE,XM,,,,
MS_GLOSSARY,,,,FALSE,FALSE,XM,,Microstation,,
MS_GPSDEVICES,,,specifies the GPS devices supported by MicroStation. It should not be changed by users.,FALSE,FALSE,XM,,Microstation,,
MS_GUITASKTREEROOT,Filelist       ,,defines which tasks are available in the Tasks dialog.,FALSE,FALSE,XM,,Microstation,,
MS_HANDLER_LOAD,Filelist       ,,"used to control element handlers. This variable should not be changed by users. MS_FONTCONFIGFILE  specifies the full path of the font configuration file. Default path is ""$(MS_SYSFONTDIR)/MstnFontConfig.xml"".",FALSE,FALSE,XM,,Microstation,,
MS_HIDE_LIBRARY_SOURCE_NAMES,,,if this variable is set to 1  hides the level library name (in brackets) that precedes the level name.,FALSE,FALSE,XM,,Microstation,,
MS_ICONLIBRARYLIST,,,List of DLL files used for Icons in MicroStation.,FALSE,FALSE,XM,,Microstation,,
MS_ICONPATH,Directory      ,,Search folders for Icons in MicroStation.  ,FALSE,FALSE,XM,,Microstation,,
MS_ICONRSCLIST,,,List of RSC files used for Icons in MicroStation.,FALSE,FALSE,XM,,Microstation,,
MS_IMAGEMNGRTMP,Search Path    ,,,FALSE,FALSE,XM,,Microstation,,
MS_IMGIMAGE,,,,FALSE,FALSE,XM,,Microstation,,
MS_IMGPROJECT_DIR,Directory      ,,if the project is untitled  its name is changed to the name of the active design file with the PRJ extension and this project file is saved in the same directory as the design file.   You can also define the workspace variable MS_IMGPROJECT_DIR for the di,FALSE,FALSE,XM,,Microstation,,
MS_INGRFILE_REGISTRATION,,,User defined. Sets File Georeference priority over attachment location for Intergraph raster formats  essentially CIT  C29  C30  C31  COT  RLE  TG4 and RGB raster formats. If undefined or set to 0  there is no effect. If set to 1  enables File Georeferenc,FALSE,FALSE,XM,,,,
MS_LEVEL_CLEAR_ATTACHMENT_SYMBOLOGY_FLAGS_ON_INITIAL_LOAD,,,,FALSE,FALSE,XM,,,,
MS_LEVEL_DO_NOT_SYNCHRONIZE_ATTACHMENT_LEVELS_TO_DGNLIB,Keyword        ,,if set to 1  reference attachment levels will not synchronize to an attached library.,FALSE,FALSE,XM,,Microstation,,
MS_LEVELNAMES,Keyword        ,,,FALSE,FALSE,XM,,Microstation,,
MS_LIBRARY_SAVEDVIEW_FILTER,,,specifies a set of saved views to exclude from the user interface. The filter is applied only to views found in libraries. For filter syntax see the MicroStation help topic 'Defining and Deleting Filters' for string expressions.,FALSE,FALSE,XM,,Microstation,,
MS_MARKUPPATH,,,,FALSE,FALSE,XM,,,,
MS_MARKUPSHEETSEED,,,,FALSE,FALSE,XM,,,,
MS_MARKUPVIEWRESOLUTION,,,,FALSE,FALSE,XM,,,,
MS_MERGE_DISPLAYEDLEVELSONLY,,,Modifies Copy Levels During Merge setting on the References tab of the Save As DWG/DXF Options dialog.,FALSE,FALSE,XM,,,,
MS_MINIDUMPTYPE,Keyword        ,,,FALSE,FALSE,XM,,Microstation,,
MS_MODELER,Filename       ,,,FALSE,FALSE,XM,,Microstation,,
MS_NATIVEMAINMENU,,,if this variable is set to 0  menus that are larger than the screen size do not have top and bottom scroll arrows  and auto menu positioning is not available. If set to 1  menus appear correctly.,FALSE,FALSE,XM,,Microstation,,
MS_NEST_COLORADJUSTMENT,Search Path    ,Nested Reference Color Adjustment ,If not set  the color adjustment for the top level reference controls the color adjustment for all nested references. When set to any value  nested reference color adjustments at each level are multiplied to get the net adjustment. For example  with C at,FALSE,TRUE,XM,,Microstation,,
MS_NO_POSITION_MAPPING_HINTS,Filename       ,,if set to l  the keyboard navigational aids will not display when <Esc> is clicked.,FALSE,FALSE,XM,,Microstation,,
MS_NOMSFORMSTABLE,,,,FALSE,FALSE,XM,,,,
MS_OLECNTR_CONFIG_ACTIVATEALLOBJECTONDGNLOAD,Keyword        ,,,FALSE,FALSE,XM,,Microstation,,
MS_OPENREFFILEFILTER,,,Initial file filter for the Attach Reference File dialog.,FALSE,FALSE,XM,,,,
MS_ORACLEPREFETCH,,,Specifies the number of rows pre-fetched from the database  maximum 65535. For example if MS_ORACLEPREFETCH is set to 1000  there will be 1000 rows of data returned to the client and cached. If this configuration variable is not set  one row is pre-fetche,FALSE,FALSE,XM,,,,
MS_OTWREG_NOCHECK,Keyword        ,,,FALSE,FALSE,XM,,Microstation,,
MS_PLACE_NOTE_EXTENDEDOPTIONS,Keyword        ,,,FALSE,FALSE,XM,,Microstation,,
MS_PLOTBORDER_TIME_FORMAT,,,Changes the date and time format for printed outputs from Windows Regional Settings to another format. Set to v7.0 to use the v7.0 format.,FALSE,FALSE,XM,,,,
MS_PLT_AUTOAREA_RESULT_LIMIT,,,Defines the maximum number of print definitions to be created when searching for multiple shapes or cells. The default limit is 500.,FALSE,FALSE,XM,,,,
MS_PLT_ENGINE_CMDLINE_ARGS,,,,FALSE,FALSE,XM,,,,
MS_PLT_NORASTERTRANSPARENCY,,,User defined. If defined  disables raster transparency settings when generating print files with drivers that do not support transparency (mainly postscript drivers). This prevents inflating the size of printed output  thus improving printing speeds.,FALSE,FALSE,XM,,,,
MS_POINTOOLS,,,,FALSE,FALSE,XM,,,,
MS_PROCESSEXCEPTIONLOG,Keyword        ,,use this for MicroStation exception.log and minidump.dmp. management.,FALSE,FALSE,XM,,Microstation,,
MS_PRODUCTCODEGUID,,,,FALSE,FALSE,XM,,,,
MS_PROJECTEXPLORER_EXTENSIONS,,,,FALSE,FALSE,XM,,,,
MS_PROPERTYENABLER_APPS,,,for applications that are enabled to transfer XML data.,FALSE,FALSE,XM,,Microstation,,
MS_PUBLISHDGN_LOAD_REFS,,,,FALSE,FALSE,XM,,,,
MS_RASTER_DEFAULTSCALEE,,,If defined and set to 1  a raster without georeference that is attached without the use of the Place Interactively check box has the following scale assigned: scale factor = MS_RASTER_DEFAULTSCALE and the pixel size is deduced from the scale factor and DP,FALSE,FALSE,XM,,,,
MS_RASTER_LOADMODE,,,Sets how memory management for raster will be handled.,FALSE,FALSE,XM,,,,
MS_RASTER_OPTIMIZE_OVERWRITE,,,Used by the Rastfix utility to fix Tiff 16 bits per channel.,FALSE,FALSE,XM,,,,
MS_REALDWG_APPS,,,,FALSE,FALSE,XM,,,,
MS_REF_CYCLECHECK,,,If set to 0  MicroStation skips the circular reference check for DGN files. This variable does not affect DWG files.,FALSE,FALSE,XM,,,,
MS_REF_USECLIP_FROZENLEVEL,,,If set  MicroStation uses clipping elements on frozen levels. Note: If the file is saved to DWG and opened in AutoCAD  it will look different since AutoCAD ignores clip elements on frozen levels.,FALSE,FALSE,XM,,,,
MS_REFCOLORTABLE,,,If defined and set to 1  MicroStation always uses the reference's color table. If defined and set to any value other than 1  MicroStation never uses the reference's color table. If not defined  MicroStation uses the user preference to determine whether or,FALSE,FALSE,XM,,,,
MS_ROSEDB_STRUCTURAL,Filename       ,,,FALSE,FALSE,XM,,Microstation,,
MS_SECURITY_LEVEL,Directory      ,Security level                 ,This is the security level for loading and running applications in MicroStation. Set to NONE to disable security checking. Set to LOW to allow any MDL or other application to be loaded and used. Set to MEDIUM to allow only applications that are digitally,FALSE,FALSE,XM,,Microstation,,
MS_SECURITY_SPC,,Software Publishing Certs      ,This is the path where MicroStation can find the Software Publishing Certificates that were used to digitally sign the applications that can be loaded in MEDIUM security level. The default is nil. (MS_SECURITY_SPC),FALSE,FALSE,XM,,Microstation,,
MS_SELECTBY,Keyword        ,,defines the directory for the selectby.rsc file to be written to and read from. The selectby.rsc is used by the Select by Attributes tool to save and retrieve sets of selection criteria. The default setting is MS_SELECTBY=$(_USTN_HOMEROOT).,FALSE,FALSE,XM,,Microstation,,
MS_SELECTSERVICESHOME,Search Path    ,,URL of Bentley SELECTservices homepage.,FALSE,FALSE,XM,,Microstation,,
MS_SESSION_DEBUG,,,Used to start session debug prior to the loading of the database server. By setting this configuration variable  you can receive immediate debug information from the consumer DLL. MS_SESSION_DEBUG can be used with all the database servers. A value of 1 en,FALSE,FALSE,XM,,,,
MS_SETMGR_CREATELEVELS,,,when turned on  Settings Manager creates levels if they are not found in the master file or a level library. When off or missing  Settings Manager will not change the level but display a warning message.,FALSE,FALSE,XM,,Microstation,,
MS_SKETCHUP_IMAGE,NONE           ,,stores the texture images that are embedded in the sketchup files when the sketchup file is saved as a DGN file. MS_SELECTSERVICESHOME is the URL of Bentley SELECTservices homepage.,FALSE,FALSE,XM,,Microstation,,
MS_SNAP_TANGENT_POINT_DEFAULT,,,The snap mode used to compute the location of a perpendicular or tangent point snap. Applies only when perpendicular or tangent point is the default snap mode. Possible values are: b bisector i intersection k keypoint m midpoint m1 multisnap1 m2 multisnap,FALSE,FALSE,XM,,,,
MS_SYMBOLPROVIDER_APPS,Directory      ,,,FALSE,FALSE,XM,,Microstation,,
MS_SYSFONTDIR,,,sets the directory with the default fonts  delivered by MicroStation. By default  this is …Workspace/System/Fonts.,FALSE,FALSE,XM,,Microstation,,
MS_SYSTEM_DISPLAYMODES,,,,FALSE,FALSE,XM,,Microstation,,
MS_TEMPLATEEXTENDER_APPS,Directory      ,,,FALSE,FALSE,XM,,Microstation,,
MS_TEXT_AUTOSTACKFRACTIONS_ALIGNMENT,,,Sets the alignment for stacked fractions  when the Fractions advanced text style setting is on. Values are: 1 = Top 2 = Center (Normal for DWG files. The default if the configuration variable is not defined.) 3 = Bottom,FALSE,FALSE,XM,,,,
MS_TEXT_AUTOSTACKFRACTIONS_TYPE,,,Sets the type for stacked fractions  when the Fractions advanced text style setting is on. Values are: 1 = Normal 2 = Diagonal (Normal for DWG files. The default if the configuration variable is not defined.) Normal Center,FALSE,FALSE,XM,,,,
MS_TEXT_STACKFRACTIONS_SCALE,,,The value is the percentage scale factor for stacked fractions. (70 is normal for DWG files  and is the default if this configuration variable is not defined.),FALSE,FALSE,XM,,,,
MS_THUMBNAIL,,,Stores a thumbnail image in each DGN file that can be seen in the MicroStation file open dialogs  as well as Windows Explorer. Can be used to control the behavior of thumbnail generation.,FALSE,FALSE,XM,,,,
MS_USERINT_PREFS,,,,FALSE,FALSE,XM,,OpenPlant PID,,
MS_V7AUTOSAVE,Filename       ,V7 Design File Auto-Save       ,Determines the frequency  in seconds  of the auto-save timer for V7 format files. For example  if set to 300 (the default)  an auto-save will occur aproximately 5 minutes after the first change to the design. The minimum value is 30 seconds. (MS_V7AUTOSA,FALSE,FALSE,XM,,Microstation,,
MS_V7AUTOSAVE_NODIALOG,Keyword        ,V7 Auto-Save Dialog            ,V7 format files take far longer than V8 format design files to save. Therefore  by default MicroStation displays a dialog box allowing the user to defer the auto-save operation.  If this configuration variable is set  this dialog box is skipped and auto-,FALSE,FALSE,XM,,Microstation,,
MS_V7BACKUPV8,Keyword        ,V7 create backup in V8 format  ,If this variable is set when working on a V7 DGN file  MicroStation will automatically create a backup file in V8 format every time you save. This provides a fallback in cases where you inadvertantly create information that cannot be represented in the V,FALSE,FALSE,XM,,Microstation,,
MS_V7TOV8_CSVNAME,Keyword        ,V7 to V8 Level CSV File        ,CSV File which controls how levels are mapped when a V7 file is converted to V8. (MS_V7TOV8_CSVNAME),FALSE,FALSE,XM,,Microstation,,
MS_VIEWATTRIBUTES_PLUGIN_ASSEMBLIES,,,List of assemblies to search in for view attributes dialog plugin groups.,FALSE,FALSE,XM,,,,
MS_VIEWATTRIBUTES_PLUGINASSEMBLIES,Filename       ,,,FALSE,FALSE,XM,,Microstation,,
MS_VIEWTOOLBOX2D,Keyword        ,,,FALSE,FALSE,XM,,Microstation,,
MS_VIEWTOOLBOX3D,,,,FALSE,FALSE,XM,,Microstation,,
MS_WMS_SERVERS,Filename       ,,specifies the XML file that contains the list of servers. By default  it points to the file WmsServerList.xml in ..\Workspace\Standards\data\.  If this file does not exist when the dialog is opened  it is being created by copying the file specified by MS_,FALSE,FALSE,XM,,Microstation,,
MS_WORD_PROCESSOR_DISPLAY_RSC_USING_DEFAULT_FONT,,,,FALSE,FALSE,XM,,Microstation,,
MSCIVIL_DGNPRESENTATION_ENABLERS,,,,FALSE,FALSE,XM,,Civil,,
MSCIVIL_DGNPRESENTATION_ENABLERS_2_0,,,,FALSE,FALSE,XM,,Civil,,
MSCIVIL_ECPLUGIN,,,,FALSE,FALSE,XM,,Civil,,
MSCIVIL_FORMATSETTINGSPROVIDERS_2_0,,,,FALSE,FALSE,XM,,Civil,,
MSCIVIL_FORMATTINGPROVIDERS_2_0,,,,FALSE,FALSE,XM,,Civil,,
MSCIVIL_IR_BROWSER_PREVIEWSIZE,,,,FALSE,FALSE,XM,,,,
MSCIVIL_IR_BROWSER_PROPERTIESSIZE,,,,FALSE,FALSE,XM,,,,
MSCIVIL_IR_BROWSER_TREEVIEWSIZE,,,,FALSE,FALSE,XM,,,,
MSCIVIL_MODELEXTENSIONS,,,,FALSE,FALSE,XM,,Civil,,
MSCIVIL_MODELEXTENSIONS_2_0,,,,FALSE,FALSE,XM,,Civil,,
MSCIVIL_OBJECTHANDLERS,,,,FALSE,FALSE,XM,,Civil,,
MSCIVIL_POINTENTRYCREATORS,,,,FALSE,FALSE,XM,,Civil,,
MSCIVIL_PRODUCTDRIVER,,,,FALSE,FALSE,XM,,Civil,,
MSCIVIL_PRODUCTDRIVER_APPLICATION,,,,FALSE,FALSE,XM,,Civil,,
MSCIVIL_TEMPLATEEXTENDER_APPS,,,,FALSE,FALSE,XM,,Civil,,
MSCIVIL_TEMPLATEEXTENDER_APPS_2_0,,,,FALSE,FALSE,XM,,Civil,,
MSCIVIL_TYPEDESCRIPTORPROVIDERS_2_0,,,,FALSE,FALSE,XM,,Civil,,
MSDIR_INSTALLED,,,directory where MicroStation is installed.,FALSE,FALSE,XM,,,,
MSGEODIR,,,,FALSE,FALSE,XM,,,,
NAV_BIN,,,,FALSE,FALSE,XM,,,,
NSIDES_TABLE,,,,FALSE,FALSE,XM,,,,
PDB_IGNORE_TIME,,,,FALSE,FALSE,XM,,,,
PID_ANGLE_UNITS,,,,FALSE,FALSE,XM,,OpenPlant PID,,
PID_APPLICATION_PROJECT_TYPE,,,,FALSE,FALSE,XM,,OpenPlant PID,,
PID_ASSEMBLY_DIR,,,,FALSE,FALSE,XM,,OpenPlant PID,,
PID_CONVERSION_PROVIDERS_CONFIGURATION_PATH,,,,FALSE,FALSE,XM,,OpenPlant PID,,
PID_DIR,,,,FALSE,FALSE,XM,,OpenPlant PID,,
PID_HELP_FILE,,,,FALSE,FALSE,XM,,OpenPlant PID,,
PID_LOG_LEVEL,,,,FALSE,FALSE,XM,,OpenPlant PID,,
PID_PROPERTY_ENABLERS,,,,FALSE,FALSE,XM,,OpenPlant PID,,
PID_SUPPRESS_STARTUP_DIALOG,,,,FALSE,FALSE,XM,,OpenPlant PID,,
PLACEBLK_ALIAS,,,,FALSE,FALSE,XM,,,,
PLACEBLK_INIFILE,,,,FALSE,FALSE,XM,,,,
PLACEEQU_ALIAS,,,,FALSE,FALSE,XM,,,,
PLACEEQU_INIFILE,,,,FALSE,FALSE,XM,,,,
PLANAR_TOLERANCE,,,,FALSE,FALSE,XM,,,,
PRINTPREP_DIR,,,,FALSE,FALSE,XM,,,,
PROJDB_ERRORTABLE,,,,FALSE,FALSE,XM,,,,
PROJDB_REPORT,,,,FALSE,FALSE,XM,,,,
PROJDB_REPORT_ERRORLOG,,,,FALSE,FALSE,XM,,,,
PROJECT_LIBRARIES,,,,FALSE,FALSE,XM,,,,
PS_BOLTS_DEFAULT_TYPE,,,"Default type of bolt. Set to ""MACH"" or ""STUD"" for machine or stud bolts respectively. (PS_BOLTS_DEFAULT_TYPE)",FALSE,FALSE,XM,,PlantSpace,,
PS_BOLTS_DIAMETER_UNITS,,,,FALSE,FALSE,XM,,PlantSpace,,
PS_BOLTS_FILL_PROPERTIES,,,,FALSE,FALSE,XM,,PlantSpace,,
PS_BOLTS_INLINE_LENGTH_THRESHOLD,,,Maximum length of gasket or wafer that is ignored for calculating bolt length. (PS_BOLTS_INLINE_LENGTH_THRESHOLD),FALSE,FALSE,XM,,PlantSpace,,
PS_BOLTS_LENGTH_UNITS,,,,FALSE,FALSE,XM,,PlantSpace,,
PS_CELL,,,Path to cell libraries. (PS_CELL),FALSE,FALSE,XM,,PlantSpace,,
PS_CODES_DB,,,Data=source-name  login and password. (PS_CODES_DB),FALSE,FALSE,XM,,PlantSpace,,
PS_CONN_TOLERANCE_UNITS,,,,FALSE,FALSE,XM,,PlantSpace,,
PS_CONNECTION_TOLERANCE,,,,FALSE,FALSE,XM,,PlantSpace,,
PS_CORP_SERVICES,,,,FALSE,FALSE,XM,,PlantSpace,,
PS_DB_VERSION,,,"Database version. Set to ""2.0"" or ""7.1"" to use column ""SPECNAME"" or ""SPEC"" respectively. (PS_DB_VERSION)",FALSE,FALSE,XM,,PlantSpace,,
PS_DBLOAD,,,Root path of files loaded into database. (PS_DBLOAD),FALSE,FALSE,XM,,PlantSpace,,
PS_DEFAULT,,,Datafiles location. (PS_DEFAULT),FALSE,FALSE,XM,,PlantSpace,,
PS_DOCS,,,Design Series documentation location. (PS_DOCS),FALSE,FALSE,XM,,PlantSpace,,
PS_DSIZE,,,Number of attributes displayed in attribute dialog box. (PS_DSIZE),FALSE,FALSE,XM,,PlantSpace,,
PS_EQUIP,,,Location of parametric equipment files. (PS_EQUIP),FALSE,FALSE,XM,,PlantSpace,,
PS_EXE,,,,FALSE,FALSE,XM,,PlantSpace,,
PS_GROUP_LIBS,,,Object Reporter group library. (PS_GROUP_LIBS),FALSE,FALSE,XM,,PlantSpace,,
PS_MDL,,,Design Series path for .ma's and .dll's. (PS_MDL),FALSE,FALSE,XM,,PlantSpace,,
PS_NOMDESCLIST,,,File that defines table to use for mapping between imperial and SI nominal values. (PS_NOMDESCLIST),FALSE,FALSE,XM,,PlantSpace,,
PS_OUT,,,Design Series dgn path. (PS_OUT),FALSE,FALSE,XM,,PlantSpace,,
PS_OVERLAY_EQUIP_COMPARE_ATTR,,,,FALSE,FALSE,XM,,PlantSpace,,
PS_PLUGINS,,,Plugin dlls path. (PS_PLUGINS),FALSE,FALSE,XM,,PlantSpace,,
PS_PROJ,,,Project root folder. (PS_PROJ),FALSE,FALSE,XM,,PlantSpace,,
PS_PROJDEF,,,File checked for project settings. (PS_PROJDEF),FALSE,FALSE,XM,,PlantSpace,,
PS_REPORTS_CONFIG,,,Object Reporter configuration. (PS_REPORTS_CONFIG),FALSE,FALSE,XM,,PlantSpace,,
PS_REPORTS_FILTER_DEF,,,Object Reporter filter definition. (PS_REPORTS_FILTER_DEF),FALSE,FALSE,XM,,PlantSpace,,
PS_REPORTS_GROUP_DEF,,,Object Reporter group definition. (PS_REPORTS_GROUP_DEF),FALSE,FALSE,XM,,PlantSpace,,
PS_REPORTS_JSM,,,Object Reporter jsm path. (PS_REPORTS_JSM),FALSE,FALSE,XM,,PlantSpace,,
PS_REPORTS_OUTPUT,,,Object Reporter output path. (PS_REPORTS_OUTPUT),FALSE,FALSE,XM,,PlantSpace,,
PS_REPORTS_REPORT_DEF,,,Object Reporter report definitions. (PS_REPORTS_REPORT_DEF),FALSE,FALSE,XM,,PlantSpace,,
PS_SPECMAKER_CONFIG,,,Specification Maker configuration path. (PS_SPECMAKER_CONFIG),FALSE,FALSE,XM,,PlantSpace,,
PS_SPECMAKER_OUTPUT,,,Specification Maker output path. (PS_SPECMAKER_OUTPUT),FALSE,FALSE,XM,,PlantSpace,,
PS_TEMP,,,Temporary file location. (PS_TEMP),FALSE,FALSE,XM,,PlantSpace,,
PS_UNIT,,,"Project's set of units. Set to ""e"" or ""m"" for imperial or SI respectively. (PS_UNIT)",FALSE,FALSE,XM,,PlantSpace,,
PS_USER,,,Location of user's files. (PS_USER),FALSE,FALSE,XM,,PlantSpace,,
PS_USER_DEFFILES,,,Folder to copy user-setting files. (PS_USER_DEFFILES),FALSE,FALSE,XM,,PlantSpace,,
PSASSM_LIB,,,,FALSE,FALSE,XM,,,,
PSCONF_OPTIONFILE,,,,FALSE,FALSE,XM,,,,
PSCONF_PNTTOL,,,,FALSE,FALSE,XM,,,,
PSPID_DOCS,,,,FALSE,FALSE,XM,,PlantSpace,,
PSPID_HOME,,,,FALSE,FALSE,XM,,PlantSpace,,
PSPID_PROGRAM,,,,FALSE,FALSE,XM,,PlantSpace,,
PSPID_WORKSPACE,,,,FALSE,FALSE,XM,,PlantSpace,,
PUBLISHDGN_REMOVEATTRIBUTEIDS,,,,FALSE,FALSE,XM,,,,
PW_BSILOG_CONFIG_FILE,,,,FALSE,FALSE,XM,,,,
PW_BSILOG_ENABLE,,,,FALSE,FALSE,XM,,,,
PW_INTEGRATEDAPPCLASSNAME,,,,FALSE,FALSE,XM,,,,
PW_MWP_COMPARISON_IGNORE_LIST,,,,FALSE,FALSE,XM,,,,
PWGEO_SLFCAPTURE_VBAPRJNAME,,,,FALSE,FALSE,XM,,,,
SCHEM_APPDATA,,,,FALSE,FALSE,XM,,Schematics,,
SCHEM_ASSEMBLY_DIR,,,,FALSE,FALSE,XM,,OpenPlant PID,,
SCHEM_DOCS,,,,FALSE,FALSE,XM,,Schematics,,
SCHEM_HOME,,,,FALSE,FALSE,XM,,Schematics,,
SCHEM_PROGRAM,,,,FALSE,FALSE,XM,,Schematics,,
SCHEMATICS_JUMPER_SAME_CLASS_HORIZONTAL_PRIORITY,,,,FALSE,FALSE,XM,,OpenPlant PID,,
SCHEMATICS_RUN_INTERIOR_VERTEX_GRIP_SLIDES,,,,FALSE,FALSE,XM,,OpenPlant PID,,
STF_DATASETNAME,,,Specifies the active dataset name.,FALSE,FALSE,XM,,AECOsim Building Designer - Structural,,
XMPLANT_SETTINGS_FETCH_APP_PROPERTIES,,XMpLant Import Setting,XMpLant Import Setting for fetching Application Properties from the XMpLant model  (1 = Fetch Application Properties from XMpLant model  0 = Don't fetch Application Properties from XMpLant model),FALSE,FALSE,V8i,,Navigator,,
XMPLANT_SETTINGS_USE_LAST_CREATED_MODEL,,XMpLant Import Setting,XMpLant Import Setting for re-using the last created JSpace model   (1 = Use last created JSpace model (if it exists)  0 = Create new JSpace model every time),FALSE,FALSE,V8i,,Navigator,,
_USTN_LOCALE_LANGUAGE,,,,FALSE,FALSE,CE,,,,
_USTN_LOCALE_COUNTRY,,,,FALSE,FALSE,CE,,,,
_USTN_CONFIGURATION,,,,FALSE,FALSE,CE,,,,
_USTN_ORGANIZATION,,,,FALSE,FALSE,CE,,,,
_USTN_WORKSPACESROOT,,,,FALSE,FALSE,CE,,,,